scene_name,city,split,provider__Google_Satellite,provider__Bing_Satellite,provider__ESRI_Satellite,provider__Yandex_Satellite,provider__OSM_Standard,
chicago__location_1,chicago,train,0,0,1,1,1,
chicago__location_2,chicago,train,1,1,1,1,1,
chicago__location_3,chicago,train,1,1,1,1,1,
chicago__location_4,chicago,train,1,1,1,1,1,
chicago__location_5,chicago,train,1,1,1,1,1,
chicago__location_6,chicago,train,1,1,1,1,1,
chicago__location_7,chicago,train,1,1,1,1,1,
chicago__location_8,chicago,train,1,1,1,1,1,
chicago__location_9,chicago,train,1,1,1,1,1,
chicago__location_10,chicago,train,1,1,1,1,1,
chicago__location_11,chicago,train,1,1,1,1,1,
chicago__location_12,chicago,train,1,1,1,1,1,
chicago__location_13,chicago,train,1,1,1,1,1,
chicago__location_14,chicago,train,1,1,1,1,1,
chicago__location_15,chicago,train,1,1,1,1,1,
chicago__location_16,chicago,train,1,1,1,1,1,
chicago__location_17,chicago,train,1,0,1,1,1,
chicago__location_18,chicago,train,1,1,1,1,1,
chicago__location_19,chicago,train,1,1,1,1,1,
chicago__location_20,chicago,train,1,1,1,1,1,
chicago__location_21,chicago,train,1,1,1,1,1,
chicago__location_22,chicago,train,1,1,1,1,1,
chicago__location_23,chicago,train,1,1,1,1,1,
chicago__location_24,chicago,train,1,1,1,1,1,
chicago__location_25,chicago,train,1,1,1,1,1,
chicago__location_26,chicago,train,1,1,1,1,1,
chicago__location_27,chicago,train,1,1,1,1,1,
chicago__location_28,chicago,train,1,1,1,1,1,
chicago__location_29,chicago,train,1,1,1,1,1,
chicago__location_30,chicago,train,1,1,1,1,1,
chicago__location_31,chicago,train,1,1,1,1,1,
chicago__location_32,chicago,train,1,1,1,1,1,
chicago__location_33,chicago,train,1,1,1,1,1,
chicago__location_34,chicago,train,1,1,1,1,1,
chicago__location_35,chicago,train,1,1,1,1,1,
chicago__location_36,chicago,train,1,1,1,1,1,
chicago__location_37,chicago,train,1,1,1,1,1,
chicago__location_38,chicago,train,1,1,1,1,1,
chicago__location_39,chicago,train,1,1,1,1,1,
chicago__location_40,chicago,train,1,0,1,1,1,
chicago__location_41,chicago,train,1,1,1,1,1,
chicago__location_42,chicago,train,1,1,1,1,1,
chicago__location_43,chicago,train,1,1,1,1,1,
chicago__location_44,chicago,train,1,1,1,1,1,
chicago__location_45,chicago,train,1,1,1,1,1,
chicago__location_46,chicago,train,1,1,1,1,1,
chicago__location_47,chicago,train,1,1,1,1,1,
chicago__location_48,chicago,train,1,1,1,1,1,
chicago__location_49,chicago,train,1,1,1,1,1,
chicago__location_50,chicago,train,1,1,1,1,1,
chicago__location_51,chicago,train,1,1,1,1,1,
chicago__location_52,chicago,train,1,1,1,1,1,
chicago__location_53,chicago,train,1,1,1,1,1,
chicago__location_54,chicago,train,1,1,1,1,1,
chicago__location_55,chicago,train,1,1,1,1,1,
chicago__location_56,chicago,train,1,1,1,1,1,
chicago__location_57,chicago,train,1,1,1,1,1,
chicago__location_58,chicago,train,1,1,1,1,1,
chicago__location_59,chicago,train,1,1,1,1,1,
chicago__location_60,chicago,train,1,1,1,1,1,
chicago__location_61,chicago,train,1,1,1,1,1,
chicago__location_62,chicago,train,1,1,1,1,1,
chicago__location_63,chicago,train,1,1,1,1,1,
chicago__location_64,chicago,train,1,1,1,1,1,
chicago__location_65,chicago,train,1,1,1,1,1,
chicago__location_66,chicago,train,1,1,1,1,1,
chicago__location_67,chicago,train,1,1,1,1,1,
chicago__location_68,chicago,train,1,1,1,1,1,
chicago__location_69,chicago,train,1,1,1,1,1,
chicago__location_70,chicago,train,1,1,1,1,1,
chicago__location_71,chicago,train,1,1,1,1,1,
chicago__location_72,chicago,train,1,1,1,1,1,
chicago__location_73,chicago,train,1,1,1,1,1,
chicago__location_74,chicago,train,1,1,1,1,1,
chicago__location_75,chicago,train,1,1,1,1,1,
chicago__location_76,chicago,train,1,1,1,1,1,
chicago__location_77,chicago,train,1,1,1,1,1,
chicago__location_78,chicago,train,1,1,1,1,1,
chicago__location_79,chicago,train,1,1,1,1,1,
chicago__location_80,chicago,train,1,1,1,1,1,
chicago__location_81,chicago,train,1,1,1,1,1,
chicago__location_82,chicago,train,1,1,1,1,1,
chicago__location_83,chicago,train,1,1,1,1,1,
chicago__location_84,chicago,train,1,1,1,1,1,
chicago__location_85,chicago,train,1,1,1,1,1,
chicago__location_86,chicago,train,1,1,1,1,1,
chicago__location_87,chicago,train,1,1,1,1,1,
chicago__location_88,chicago,train,1,1,1,1,1,
chicago__location_89,chicago,train,1,1,1,1,1,
chicago__location_90,chicago,train,1,1,1,1,1,
chicago__location_91,chicago,train,1,1,1,1,1,
chicago__location_92,chicago,train,1,0,1,1,1,
chicago__location_93,chicago,train,1,1,1,1,1,
chicago__location_94,chicago,train,1,1,1,1,1,
chicago__location_95,chicago,train,1,1,1,1,1,
chicago__location_96,chicago,train,1,1,1,1,1,
chicago__location_97,chicago,train,1,1,1,1,1,
chicago__location_98,chicago,train,1,1,1,1,1,
chicago__location_99,chicago,train,1,1,1,1,1,
chicago__location_100,chicago,train,1,1,1,1,1,
chicago__location_101,chicago,train,1,1,1,1,1,
chicago__location_102,chicago,train,1,1,1,1,1,
chicago__location_103,chicago,train,1,1,1,1,1,
chicago__location_104,chicago,train,1,1,1,1,1,
chicago__location_105,chicago,train,1,1,1,1,1,
chicago__location_106,chicago,train,1,1,1,1,1,
chicago__location_107,chicago,train,1,1,1,1,1,
chicago__location_108,chicago,train,1,1,1,1,1,
chicago__location_109,chicago,train,1,1,1,1,1,
chicago__location_110,chicago,train,1,1,1,1,1,
chicago__location_111,chicago,train,1,1,1,1,1,
chicago__location_112,chicago,train,0,1,1,1,1,
chicago__location_113,chicago,train,1,1,1,1,1,
chicago__location_114,chicago,train,1,1,1,1,1,
chicago__location_115,chicago,train,1,1,1,1,1,
chicago__location_116,chicago,train,1,1,1,1,1,
chicago__location_117,chicago,train,1,1,1,1,1,
chicago__location_118,chicago,train,1,1,1,1,1,
chicago__location_119,chicago,train,1,1,1,1,1,
chicago__location_120,chicago,train,1,1,1,1,1,
chicago__location_121,chicago,train,1,1,1,1,1,
chicago__location_122,chicago,train,1,1,1,1,1,
chicago__location_123,chicago,train,1,1,1,1,1,
chicago__location_124,chicago,train,1,1,1,1,1,
chicago__location_125,chicago,train,1,1,1,1,1,
chicago__location_126,chicago,train,1,1,1,1,1,
chicago__location_127,chicago,train,1,1,1,1,1,
chicago__location_128,chicago,train,1,1,1,1,1,
chicago__location_129,chicago,train,1,1,1,1,1,
chicago__location_130,chicago,train,1,1,1,1,1,
chicago__location_131,chicago,train,1,1,1,1,1,
chicago__location_132,chicago,train,1,1,1,1,1,
chicago__location_133,chicago,train,1,1,1,1,1,
chicago__location_134,chicago,train,1,1,1,1,1,
chicago__location_135,chicago,train,1,1,1,1,1,
chicago__location_136,chicago,train,1,1,1,1,1,
chicago__location_137,chicago,train,1,1,1,1,1,
chicago__location_138,chicago,train,1,1,1,1,1,
chicago__location_139,chicago,train,1,1,1,1,1,
chicago__location_140,chicago,train,1,1,1,1,1,
chicago__location_141,chicago,train,1,1,1,1,1,
chicago__location_142,chicago,train,1,1,1,1,1,
chicago__location_143,chicago,train,1,1,1,1,1,
chicago__location_144,chicago,train,1,1,1,1,1,
chicago__location_145,chicago,train,1,1,1,1,1,
chicago__location_146,chicago,train,1,1,1,1,1,
chicago__location_147,chicago,train,1,1,1,1,1,
chicago__location_148,chicago,train,1,1,1,1,1,
chicago__location_149,chicago,train,1,1,1,1,1,
chicago__location_150,chicago,train,1,1,1,1,1,
chicago__location_151,chicago,train,1,1,1,1,1,
chicago__location_152,chicago,train,1,1,1,1,1,
chicago__location_153,chicago,train,1,1,1,1,1,
chicago__location_154,chicago,train,0,0,0,0,0,
chicago__location_155,chicago,train,1,1,1,1,1,
chicago__location_156,chicago,train,1,1,1,1,1,
chicago__location_157,chicago,train,1,1,1,1,1,
chicago__location_158,chicago,train,1,1,1,1,1,
chicago__location_159,chicago,train,1,1,1,1,1,
chicago__location_160,chicago,train,1,1,1,1,1,
chicago__location_161,chicago,train,1,1,1,1,1,
chicago__location_162,chicago,train,1,1,1,1,1,
chicago__location_163,chicago,train,1,1,1,1,1,
chicago__location_164,chicago,train,1,1,1,1,1,
chicago__location_165,chicago,train,1,1,1,1,1,
chicago__location_166,chicago,train,1,1,1,1,1,
chicago__location_167,chicago,train,1,1,1,1,1,
chicago__location_168,chicago,train,1,1,1,1,1,
chicago__location_169,chicago,train,1,1,1,1,1,
chicago__location_170,chicago,train,1,1,1,1,1,
chicago__location_171,chicago,train,1,1,1,1,1,
chicago__location_172,chicago,train,1,1,1,1,1,
chicago__location_173,chicago,train,1,1,1,1,1,
chicago__location_174,chicago,train,1,1,1,1,1,
chicago__location_175,chicago,train,1,1,1,1,1,
chicago__location_176,chicago,train,1,1,1,1,1,
chicago__location_177,chicago,train,1,1,1,1,1,
chicago__location_178,chicago,train,1,1,1,1,1,
chicago__location_179,chicago,train,1,1,1,1,1,
chicago__location_180,chicago,train,1,1,1,1,1,
chicago__location_181,chicago,train,1,1,1,1,1,
chicago__location_182,chicago,train,1,1,1,1,1,
chicago__location_183,chicago,train,1,1,1,1,1,
chicago__location_184,chicago,train,1,1,1,1,1,
chicago__location_185,chicago,train,1,1,1,1,1,
chicago__location_186,chicago,train,1,1,1,1,1,
chicago__location_187,chicago,train,1,1,1,1,1,
chicago__location_188,chicago,train,1,1,1,1,1,
chicago__location_189,chicago,train,1,1,1,1,1,
chicago__location_190,chicago,train,1,1,1,1,1,
chicago__location_191,chicago,train,1,1,1,1,1,
chicago__location_192,chicago,train,1,1,1,1,1,
chicago__location_193,chicago,train,1,1,1,1,1,
chicago__location_194,chicago,train,1,1,1,1,1,
chicago__location_195,chicago,train,1,1,1,1,1,
chicago__location_196,chicago,train,1,1,1,1,1,
chicago__location_197,chicago,train,1,1,1,1,1,
chicago__location_198,chicago,train,1,1,1,1,1,
chicago__location_199,chicago,train,1,1,1,1,1,
chicago__location_200,chicago,train,1,1,1,1,1,
chicago__location_201,chicago,train,1,1,1,1,1,
chicago__location_202,chicago,train,1,1,1,1,1,
chicago__location_203,chicago,train,1,1,1,1,1,
chicago__location_204,chicago,train,1,1,1,1,1,
chicago__location_205,chicago,train,1,1,1,1,1,
chicago__location_206,chicago,train,1,1,1,1,1,
chicago__location_207,chicago,train,1,1,1,1,1,
chicago__location_208,chicago,train,1,1,1,1,1,
chicago__location_209,chicago,train,1,1,1,1,1,
chicago__location_210,chicago,train,1,1,1,1,1,
chicago__location_211,chicago,train,1,1,1,1,1,
chicago__location_212,chicago,train,1,1,1,1,1,
chicago__location_213,chicago,train,1,1,1,1,1,
chicago__location_214,chicago,train,1,1,1,1,1,
chicago__location_215,chicago,train,1,1,1,1,1,
chicago__location_216,chicago,train,1,1,1,1,1,
chicago__location_217,chicago,train,1,1,1,1,1,
chicago__location_218,chicago,train,1,1,1,1,1,
chicago__location_219,chicago,train,1,1,1,1,1,
chicago__location_220,chicago,train,1,1,1,1,1,
chicago__location_221,chicago,train,1,1,1,1,1,
chicago__location_222,chicago,train,1,1,1,1,1,
chicago__location_223,chicago,train,1,1,1,1,1,
chicago__location_224,chicago,train,1,1,1,1,1,
chicago__location_225,chicago,train,1,1,1,1,1,
chicago__location_226,chicago,train,1,1,1,1,1,
chicago__location_227,chicago,train,1,1,1,1,1,
chicago__location_228,chicago,train,1,1,1,1,1,
chicago__location_229,chicago,train,1,1,1,1,1,
chicago__location_230,chicago,train,1,1,1,1,1,
chicago__location_231,chicago,train,1,1,1,1,1,
chicago__location_232,chicago,train,1,1,1,1,1,
chicago__location_233,chicago,train,1,1,1,1,1,
chicago__location_234,chicago,train,0,1,1,1,1,
chicago__location_235,chicago,train,1,1,1,1,1,
chicago__location_236,chicago,train,1,1,1,1,1,
chicago__location_237,chicago,train,1,1,1,1,1,
chicago__location_238,chicago,train,1,1,1,1,1,
chicago__location_239,chicago,train,1,1,1,1,1,
chicago__location_240,chicago,train,1,1,1,1,1,
chicago__location_241,chicago,train,1,1,1,1,1,
chicago__location_242,chicago,train,1,1,1,1,1,
chicago__location_243,chicago,train,1,1,1,1,1,
chicago__location_244,chicago,train,1,1,1,1,1,
chicago__location_245,chicago,train,1,1,1,1,1,
chicago__location_246,chicago,train,1,1,1,1,1,
chicago__location_247,chicago,train,1,1,1,1,1,
chicago__location_248,chicago,train,1,1,1,1,1,
chicago__location_249,chicago,train,1,1,1,1,1,
chicago__location_250,chicago,train,1,1,1,1,1,
chicago__location_251,chicago,train,1,1,1,1,1,
chicago__location_252,chicago,train,1,1,1,1,1,
chicago__location_253,chicago,train,1,1,1,1,1,
chicago__location_254,chicago,train,1,1,1,1,1,
chicago__location_255,chicago,train,1,1,1,1,1,
chicago__location_256,chicago,train,0,0,1,1,1,
chicago__location_257,chicago,train,1,1,1,1,1,
chicago__location_258,chicago,train,1,1,1,1,1,
chicago__location_259,chicago,train,1,1,1,1,1,
chicago__location_260,chicago,train,1,1,1,1,1,
chicago__location_261,chicago,train,1,1,1,1,1,
chicago__location_262,chicago,train,1,1,1,1,1,
chicago__location_263,chicago,train,1,1,1,1,1,
chicago__location_264,chicago,train,1,1,1,1,1,
chicago__location_265,chicago,train,1,1,1,1,1,
chicago__location_266,chicago,train,1,1,1,1,1,
chicago__location_267,chicago,train,1,1,1,1,1,
chicago__location_268,chicago,train,1,1,1,1,1,
chicago__location_269,chicago,train,1,1,1,1,1,
chicago__location_270,chicago,train,1,1,1,1,1,
chicago__location_271,chicago,train,1,1,1,1,1,
chicago__location_272,chicago,train,1,0,1,1,1,
chicago__location_273,chicago,train,1,1,1,1,1,
chicago__location_274,chicago,train,1,1,1,1,1,
chicago__location_275,chicago,train,1,1,1,1,1,
chicago__location_276,chicago,train,1,1,1,1,1,
chicago__location_277,chicago,train,1,1,1,1,1,
chicago__location_278,chicago,train,1,1,1,1,1,
chicago__location_279,chicago,train,1,1,1,1,1,
chicago__location_280,chicago,train,1,1,1,1,1,
chicago__location_281,chicago,train,1,1,1,1,1,
chicago__location_282,chicago,train,1,1,1,1,1,
chicago__location_283,chicago,train,1,1,1,1,1,
chicago__location_284,chicago,train,1,1,1,1,1,
chicago__location_285,chicago,train,1,1,1,1,1,
chicago__location_286,chicago,train,1,1,1,1,1,
chicago__location_287,chicago,train,1,1,1,1,1,
chicago__location_288,chicago,train,1,1,1,1,1,
chicago__location_289,chicago,train,1,1,1,1,1,
chicago__location_290,chicago,train,1,1,1,1,1,
chicago__location_291,chicago,train,1,1,1,1,1,
chicago__location_292,chicago,train,1,1,1,1,1,
chicago__location_293,chicago,train,1,1,1,1,1,
chicago__location_294,chicago,train,1,1,1,1,1,
chicago__location_295,chicago,train,1,1,1,1,1,
chicago__location_296,chicago,train,1,1,1,1,1,
chicago__location_297,chicago,train,1,1,1,1,1,
chicago__location_298,chicago,train,1,1,1,1,1,
chicago__location_299,chicago,train,1,1,1,1,1,
chicago__location_300,chicago,train,1,1,1,1,1,
chicago__location_301,chicago,train,1,1,1,1,1,
chicago__location_302,chicago,train,1,1,1,1,1,
chicago__location_303,chicago,train,1,1,1,1,1,
chicago__location_304,chicago,train,1,1,1,1,1,
chicago__location_305,chicago,train,1,1,1,1,1,
chicago__location_306,chicago,train,1,1,1,1,1,
chicago__location_307,chicago,train,1,1,1,1,1,
chicago__location_308,chicago,train,1,1,1,1,1,
chicago__location_309,chicago,train,1,1,1,1,1,
chicago__location_310,chicago,train,1,1,1,1,1,
chicago__location_311,chicago,train,1,1,1,1,1,
chicago__location_312,chicago,train,1,1,1,1,1,
chicago__location_313,chicago,train,1,1,1,1,1,
chicago__location_314,chicago,train,1,1,1,1,1,
chicago__location_315,chicago,train,1,1,1,1,1,
chicago__location_316,chicago,train,1,1,1,1,1,
chicago__location_317,chicago,train,1,1,1,1,1,
chicago__location_318,chicago,train,1,1,1,1,1,
chicago__location_319,chicago,train,1,1,1,1,1,
chicago__location_320,chicago,train,1,1,1,1,1,
chicago__location_321,chicago,train,1,1,1,1,1,
chicago__location_322,chicago,train,1,1,0,1,1,
chicago__location_323,chicago,train,1,1,1,1,1,
chicago__location_324,chicago,train,1,1,1,1,1,
chicago__location_325,chicago,train,1,0,1,1,1,
chicago__location_326,chicago,train,1,1,1,1,1,
chicago__location_327,chicago,train,1,1,1,1,1,
chicago__location_328,chicago,train,1,1,1,1,1,
chicago__location_329,chicago,train,1,1,1,1,1,
chicago__location_330,chicago,train,1,1,1,1,1,
chicago__location_331,chicago,train,1,1,1,1,1,
chicago__location_332,chicago,train,1,1,1,1,1,
chicago__location_333,chicago,train,1,1,1,1,1,
chicago__location_334,chicago,train,1,1,1,1,1,
chicago__location_335,chicago,train,1,1,1,1,1,
chicago__location_336,chicago,train,1,1,1,1,1,
chicago__location_337,chicago,train,1,1,1,1,1,
chicago__location_338,chicago,train,1,1,1,1,1,
chicago__location_339,chicago,train,1,1,1,1,1,
chicago__location_340,chicago,train,1,1,1,1,1,
chicago__location_341,chicago,train,1,1,1,1,1,
chicago__location_342,chicago,train,1,1,1,1,1,
chicago__location_343,chicago,train,1,1,1,1,1,
chicago__location_344,chicago,train,1,1,1,1,1,
chicago__location_345,chicago,train,1,1,1,1,1,
chicago__location_346,chicago,train,0,1,1,1,1,
chicago__location_347,chicago,train,1,1,1,1,1,
chicago__location_348,chicago,train,1,1,1,1,1,
chicago__location_349,chicago,train,1,1,1,1,1,
chicago__location_350,chicago,train,1,1,1,1,1,
chicago__location_351,chicago,train,1,1,1,1,1,
chicago__location_352,chicago,train,1,1,1,1,1,
chicago__location_353,chicago,train,1,1,1,1,1,
chicago__location_354,chicago,train,0,0,1,1,1,
chicago__location_355,chicago,train,1,1,1,1,1,
chicago__location_356,chicago,train,1,1,1,1,1,
chicago__location_357,chicago,train,1,1,1,1,1,
chicago__location_358,chicago,train,1,1,1,1,1,
chicago__location_359,chicago,train,1,1,1,1,1,
chicago__location_360,chicago,train,1,1,1,1,1,
chicago__location_361,chicago,train,1,1,1,1,1,
chicago__location_362,chicago,train,1,1,1,1,1,
chicago__location_363,chicago,train,1,1,1,1,1,
chicago__location_364,chicago,train,0,0,1,1,1,
chicago__location_365,chicago,train,1,1,1,1,1,
chicago__location_366,chicago,train,1,0,1,1,1,
chicago__location_367,chicago,train,1,1,1,1,1,
chicago__location_368,chicago,train,1,1,1,1,1,
chicago__location_369,chicago,train,0,1,1,1,1,
chicago__location_370,chicago,train,1,1,1,1,1,
chicago__location_371,chicago,train,1,1,1,1,1,
chicago__location_372,chicago,train,1,1,1,1,1,
chicago__location_373,chicago,train,1,1,1,1,1,
chicago__location_374,chicago,train,1,1,1,1,1,
chicago__location_375,chicago,train,1,1,1,1,1,
chicago__location_376,chicago,train,0,1,1,1,1,
chicago__location_377,chicago,train,1,1,1,1,1,
chicago__location_378,chicago,train,1,1,1,1,1,
chicago__location_379,chicago,train,1,1,1,1,1,
chicago__location_380,chicago,train,1,1,1,1,1,
chicago__location_381,chicago,train,1,1,1,1,1,
chicago__location_382,chicago,train,1,1,1,1,1,
chicago__location_383,chicago,train,1,1,1,1,1,
chicago__location_384,chicago,train,1,1,1,1,1,
chicago__location_385,chicago,train,1,1,1,1,1,
chicago__location_386,chicago,train,1,1,1,1,1,
chicago__location_387,chicago,train,1,1,1,1,1,
chicago__location_388,chicago,train,1,1,1,1,1,
chicago__location_389,chicago,train,1,1,1,1,1,
chicago__location_390,chicago,train,1,1,1,1,1,
chicago__location_391,chicago,train,1,1,1,1,1,
chicago__location_392,chicago,train,1,1,1,1,1,
chicago__location_393,chicago,train,1,1,1,1,1,
chicago__location_394,chicago,train,1,1,1,1,1,
chicago__location_395,chicago,train,1,1,1,1,1,
chicago__location_396,chicago,train,1,1,1,1,1,
chicago__location_397,chicago,train,1,1,1,1,1,
chicago__location_398,chicago,train,1,1,1,1,1,
chicago__location_399,chicago,train,1,1,1,1,1,
chicago__location_400,chicago,train,1,1,1,1,1,
chicago__location_401,chicago,train,1,1,1,1,1,
chicago__location_402,chicago,train,1,1,1,1,1,
chicago__location_403,chicago,train,1,1,1,1,1,
chicago__location_404,chicago,train,1,1,1,1,1,
chicago__location_405,chicago,train,1,1,1,1,1,
chicago__location_406,chicago,train,0,1,1,1,1,
chicago__location_407,chicago,train,1,1,1,1,1,
chicago__location_408,chicago,train,1,1,1,1,1,
chicago__location_409,chicago,train,1,1,1,1,1,
chicago__location_410,chicago,train,1,1,1,1,1,
chicago__location_411,chicago,train,1,1,1,1,1,
chicago__location_412,chicago,train,1,1,1,1,1,
chicago__location_413,chicago,train,1,1,1,1,1,
chicago__location_414,chicago,train,1,1,1,1,1,
chicago__location_415,chicago,train,1,1,1,1,1,
chicago__location_416,chicago,train,1,1,1,1,1,
chicago__location_417,chicago,train,1,1,1,1,1,
chicago__location_418,chicago,train,1,1,1,1,1,
chicago__location_419,chicago,train,1,1,1,1,1,
chicago__location_420,chicago,train,1,1,1,1,1,
chicago__location_421,chicago,train,1,1,1,1,1,
chicago__location_422,chicago,train,1,1,1,1,1,
chicago__location_423,chicago,train,1,1,1,1,1,
chicago__location_424,chicago,train,1,1,1,1,1,
chicago__location_425,chicago,train,1,1,1,1,1,
chicago__location_426,chicago,train,1,1,1,1,1,
chicago__location_427,chicago,train,1,1,1,1,1,
chicago__location_428,chicago,train,1,1,1,1,1,
chicago__location_429,chicago,train,1,1,1,1,1,
chicago__location_430,chicago,train,0,1,1,1,1,
chicago__location_431,chicago,train,1,1,1,1,1,
chicago__location_432,chicago,train,1,1,1,1,1,
chicago__location_433,chicago,train,1,1,1,1,1,
chicago__location_434,chicago,train,1,1,0,1,1,
chicago__location_435,chicago,train,1,1,1,1,1,
chicago__location_436,chicago,train,1,1,1,1,1,
chicago__location_437,chicago,train,1,1,1,1,1,
chicago__location_438,chicago,train,1,1,1,1,1,
chicago__location_439,chicago,train,1,1,1,1,1,
chicago__location_440,chicago,train,1,1,1,1,1,
chicago__location_441,chicago,train,1,1,1,1,1,
chicago__location_442,chicago,train,1,1,1,1,1,
chicago__location_443,chicago,train,1,1,1,1,1,
chicago__location_444,chicago,train,1,1,1,1,1,
chicago__location_445,chicago,train,1,1,1,1,1,
chicago__location_446,chicago,train,1,1,1,1,1,
chicago__location_447,chicago,train,1,1,1,1,1,
chicago__location_448,chicago,train,1,1,1,1,1,
chicago__location_449,chicago,train,1,1,1,1,1,
chicago__location_450,chicago,train,1,1,1,1,1,
chicago__location_451,chicago,val,1,1,1,1,1,
chicago__location_452,chicago,val,1,1,1,1,1,
chicago__location_453,chicago,val,1,1,1,1,1,
chicago__location_454,chicago,val,1,1,1,1,1,
chicago__location_455,chicago,val,1,1,1,1,1,
chicago__location_456,chicago,val,1,1,1,1,1,
chicago__location_457,chicago,val,1,1,1,1,1,
chicago__location_458,chicago,val,1,1,1,1,1,
chicago__location_459,chicago,val,1,1,1,1,1,
chicago__location_460,chicago,val,1,1,1,1,1,
chicago__location_461,chicago,val,1,1,1,1,1,
chicago__location_462,chicago,val,1,1,1,1,1,
chicago__location_463,chicago,val,1,1,1,1,1,
chicago__location_464,chicago,val,1,1,1,1,1,
chicago__location_465,chicago,val,1,1,1,1,1,
chicago__location_466,chicago,val,1,1,1,1,1,
chicago__location_467,chicago,val,1,1,1,1,1,
chicago__location_468,chicago,val,1,1,1,1,1,
chicago__location_469,chicago,val,1,1,1,1,1,
chicago__location_470,chicago,val,1,1,1,1,1,
chicago__location_471,chicago,val,1,1,1,1,1,
chicago__location_472,chicago,val,1,1,1,1,1,
chicago__location_473,chicago,val,1,1,1,1,1,
chicago__location_474,chicago,val,1,1,1,1,1,
chicago__location_475,chicago,val,1,1,1,1,1,
chicago__location_476,chicago,test,1,1,1,1,1,
chicago__location_477,chicago,test,1,1,1,1,1,
chicago__location_478,chicago,test,1,1,1,1,1,
chicago__location_479,chicago,test,1,1,1,1,1,
chicago__location_480,chicago,test,1,1,1,1,1,
chicago__location_481,chicago,test,1,1,1,1,1,
chicago__location_482,chicago,test,1,1,1,1,1,
chicago__location_483,chicago,test,1,1,1,1,1,
chicago__location_484,chicago,test,1,1,1,1,1,
chicago__location_485,chicago,test,1,1,1,1,1,
chicago__location_486,chicago,test,1,1,1,1,1,
chicago__location_487,chicago,test,1,1,1,1,1,
chicago__location_488,chicago,test,0,1,1,1,1,
chicago__location_489,chicago,test,1,1,1,1,1,
chicago__location_490,chicago,test,1,1,1,1,1,
chicago__location_491,chicago,test,1,1,1,1,1,
chicago__location_492,chicago,test,1,1,1,1,1,
chicago__location_493,chicago,test,1,1,1,1,1,
chicago__location_494,chicago,test,1,1,1,1,1,
chicago__location_495,chicago,test,1,1,1,1,1,
chicago__location_496,chicago,test,1,1,1,1,1,
chicago__location_497,chicago,test,1,1,1,1,1,
chicago__location_498,chicago,test,1,1,1,1,1,
chicago__location_499,chicago,test,1,1,1,1,1,
chicago__location_500,chicago,test,0,1,1,1,1,
newyork__location_1,newyork,train,1,1,1,1,1,
newyork__location_2,newyork,train,1,1,1,1,1,
newyork__location_3,newyork,train,1,1,1,1,1,
newyork__location_4,newyork,train,1,1,1,1,1,
newyork__location_5,newyork,train,0,1,1,1,1,
newyork__location_6,newyork,train,1,1,1,1,1,
newyork__location_7,newyork,train,1,1,1,1,1,
newyork__location_8,newyork,train,1,1,1,1,1,
newyork__location_9,newyork,train,1,1,1,1,1,
newyork__location_10,newyork,train,1,1,1,1,1,
newyork__location_11,newyork,train,1,1,1,1,1,
newyork__location_12,newyork,train,1,1,1,1,1,
newyork__location_13,newyork,train,1,1,1,1,1,
newyork__location_14,newyork,train,1,1,1,1,1,
newyork__location_15,newyork,train,1,1,1,1,1,
newyork__location_16,newyork,train,1,1,1,1,1,
newyork__location_17,newyork,train,1,1,1,1,1,
newyork__location_18,newyork,train,1,1,1,1,1,
newyork__location_19,newyork,train,1,1,1,1,1,
newyork__location_20,newyork,train,1,1,1,1,1,
newyork__location_21,newyork,train,1,1,1,1,1,
newyork__location_22,newyork,train,1,1,1,1,1,
newyork__location_23,newyork,train,1,1,1,1,1,
newyork__location_24,newyork,train,1,1,1,1,1,
newyork__location_25,newyork,train,1,1,1,1,1,
newyork__location_26,newyork,train,1,1,1,1,1,
newyork__location_27,newyork,train,1,1,1,1,1,
newyork__location_28,newyork,train,1,1,1,1,1,
newyork__location_29,newyork,train,1,1,1,1,1,
newyork__location_30,newyork,train,1,1,1,1,1,
newyork__location_31,newyork,train,1,1,1,1,1,
newyork__location_32,newyork,train,1,1,1,1,1,
newyork__location_33,newyork,train,1,1,1,1,1,
newyork__location_34,newyork,train,1,1,1,1,1,
newyork__location_35,newyork,train,1,1,1,1,1,
newyork__location_36,newyork,train,1,1,1,1,1,
newyork__location_37,newyork,train,1,1,1,1,1,
newyork__location_38,newyork,train,1,1,1,1,1,
newyork__location_39,newyork,train,1,1,1,1,1,
newyork__location_40,newyork,train,1,1,1,1,1,
newyork__location_41,newyork,train,1,0,1,1,1,
newyork__location_42,newyork,train,1,0,1,1,1,
newyork__location_43,newyork,train,1,1,1,1,1,
newyork__location_44,newyork,train,1,1,1,1,1,
newyork__location_45,newyork,train,1,1,1,1,1,
newyork__location_46,newyork,train,1,1,1,1,1,
newyork__location_47,newyork,train,1,1,1,1,1,
newyork__location_48,newyork,train,1,1,1,1,1,
newyork__location_49,newyork,train,1,0,1,1,1,
newyork__location_50,newyork,train,1,1,1,1,1,
newyork__location_51,newyork,train,1,1,1,1,1,
newyork__location_52,newyork,train,1,1,1,1,1,
newyork__location_53,newyork,train,1,0,1,1,1,
newyork__location_54,newyork,train,1,1,1,1,1,
newyork__location_55,newyork,train,1,0,1,1,1,
newyork__location_56,newyork,train,1,1,1,1,1,
newyork__location_57,newyork,train,1,1,1,1,1,
newyork__location_58,newyork,train,1,1,1,1,1,
newyork__location_59,newyork,train,1,1,1,1,1,
newyork__location_60,newyork,train,1,1,1,1,1,
newyork__location_61,newyork,train,1,0,1,1,1,
newyork__location_62,newyork,train,1,1,1,1,1,
newyork__location_63,newyork,train,1,1,1,1,1,
newyork__location_64,newyork,train,1,1,1,1,1,
newyork__location_65,newyork,train,1,0,1,1,1,
newyork__location_66,newyork,train,1,1,1,1,1,
newyork__location_67,newyork,train,1,1,1,1,1,
newyork__location_68,newyork,train,1,1,1,1,1,
newyork__location_69,newyork,train,1,1,1,1,1,
newyork__location_70,newyork,train,1,1,1,1,1,
newyork__location_71,newyork,train,1,1,1,1,1,
newyork__location_72,newyork,train,1,0,1,1,1,
newyork__location_73,newyork,train,1,1,1,1,1,
newyork__location_74,newyork,train,1,1,1,1,1,
newyork__location_75,newyork,train,1,1,1,1,1,
newyork__location_76,newyork,train,1,1,1,1,1,
newyork__location_77,newyork,train,1,1,1,1,1,
newyork__location_78,newyork,train,1,1,1,1,1,
newyork__location_79,newyork,train,1,1,1,1,1,
newyork__location_80,newyork,train,1,1,1,1,1,
newyork__location_81,newyork,train,1,1,1,1,1,
newyork__location_82,newyork,train,1,1,1,1,1,
newyork__location_83,newyork,train,1,1,1,1,1,
newyork__location_84,newyork,train,1,1,1,1,1,
newyork__location_85,newyork,train,1,1,1,1,1,
newyork__location_86,newyork,train,1,1,1,1,1,
newyork__location_87,newyork,train,0,0,1,1,1,
newyork__location_88,newyork,train,1,1,1,1,1,
newyork__location_89,newyork,train,1,1,1,1,1,
newyork__location_90,newyork,train,1,1,1,1,1,
newyork__location_91,newyork,train,1,1,1,1,1,
newyork__location_92,newyork,train,1,1,1,1,1,
newyork__location_93,newyork,train,1,1,1,1,1,
newyork__location_94,newyork,train,1,1,1,1,1,
newyork__location_95,newyork,train,1,1,1,1,1,
newyork__location_96,newyork,train,1,0,1,1,1,
newyork__location_97,newyork,train,1,1,1,1,1,
newyork__location_98,newyork,train,1,1,1,1,1,
newyork__location_99,newyork,train,1,1,1,1,1,
newyork__location_100,newyork,train,1,1,1,1,1,
newyork__location_101,newyork,train,1,1,1,1,1,
newyork__location_102,newyork,train,1,1,1,1,1,
newyork__location_103,newyork,train,1,0,1,1,1,
newyork__location_104,newyork,train,1,1,1,1,1,
newyork__location_105,newyork,train,1,1,1,1,1,
newyork__location_106,newyork,train,0,0,1,1,1,
newyork__location_107,newyork,train,1,1,1,1,1,
newyork__location_108,newyork,train,1,1,1,1,1,
newyork__location_109,newyork,train,0,1,1,1,1,
newyork__location_110,newyork,train,1,1,1,1,1,
newyork__location_111,newyork,train,1,1,1,1,1,
newyork__location_112,newyork,train,1,1,1,1,1,
newyork__location_113,newyork,train,1,1,1,1,1,
newyork__location_114,newyork,train,1,1,1,1,1,
newyork__location_115,newyork,train,1,1,1,1,1,
newyork__location_116,newyork,train,1,1,1,1,1,
newyork__location_117,newyork,train,1,1,1,1,1,
newyork__location_118,newyork,train,1,1,1,1,1,
newyork__location_119,newyork,train,1,1,1,1,1,
newyork__location_120,newyork,train,1,1,1,1,1,
newyork__location_121,newyork,train,1,1,1,1,1,
newyork__location_122,newyork,train,1,1,1,1,1,
newyork__location_123,newyork,train,1,1,1,1,1,
newyork__location_124,newyork,train,1,0,1,1,1,
newyork__location_125,newyork,train,1,1,1,1,1,
newyork__location_126,newyork,train,1,0,1,1,1,
newyork__location_127,newyork,train,1,1,1,1,1,
newyork__location_128,newyork,train,1,1,1,1,1,
newyork__location_129,newyork,train,1,1,1,1,1,
newyork__location_130,newyork,train,1,1,1,1,1,
newyork__location_131,newyork,train,1,1,1,1,1,
newyork__location_132,newyork,train,1,1,1,1,1,
newyork__location_133,newyork,train,1,1,1,1,1,
newyork__location_134,newyork,train,1,1,1,1,1,
newyork__location_135,newyork,train,1,1,1,1,1,
newyork__location_136,newyork,train,1,1,1,1,1,
newyork__location_137,newyork,train,1,1,1,1,1,
newyork__location_138,newyork,train,1,1,1,1,1,
newyork__location_139,newyork,train,1,1,1,1,1,
newyork__location_140,newyork,train,1,0,1,1,1,
newyork__location_141,newyork,train,1,1,1,1,1,
newyork__location_142,newyork,train,1,1,1,1,1,
newyork__location_143,newyork,train,1,1,1,1,1,
newyork__location_144,newyork,train,1,1,1,1,1,
newyork__location_145,newyork,train,1,1,1,1,1,
newyork__location_146,newyork,train,1,1,1,1,1,
newyork__location_147,newyork,train,1,1,1,1,1,
newyork__location_148,newyork,train,1,1,1,1,1,
newyork__location_149,newyork,train,1,1,1,1,1,
newyork__location_150,newyork,train,1,1,1,1,1,
newyork__location_151,newyork,train,1,1,1,1,1,
newyork__location_152,newyork,train,1,1,1,1,1,
newyork__location_153,newyork,train,1,1,1,1,1,
newyork__location_154,newyork,train,1,1,1,1,1,
newyork__location_155,newyork,train,1,1,1,1,1,
newyork__location_156,newyork,train,1,1,1,1,1,
newyork__location_157,newyork,train,1,1,1,1,1,
newyork__location_158,newyork,train,1,1,1,1,1,
newyork__location_159,newyork,train,1,1,1,1,1,
newyork__location_160,newyork,train,1,1,1,1,1,
newyork__location_161,newyork,train,1,1,1,1,1,
newyork__location_162,newyork,train,1,1,1,1,1,
newyork__location_163,newyork,train,1,1,1,1,1,
newyork__location_164,newyork,train,1,1,1,1,1,
newyork__location_165,newyork,train,1,0,1,1,1,
newyork__location_166,newyork,train,1,1,1,1,1,
newyork__location_167,newyork,train,1,1,1,1,1,
newyork__location_168,newyork,train,1,1,1,1,1,
newyork__location_169,newyork,train,1,1,1,1,1,
newyork__location_170,newyork,train,0,0,1,1,1,
newyork__location_171,newyork,train,1,1,1,1,1,
newyork__location_172,newyork,train,1,1,1,1,1,
newyork__location_173,newyork,train,1,1,1,1,1,
newyork__location_174,newyork,train,1,1,1,1,1,
newyork__location_175,newyork,train,1,1,1,1,1,
newyork__location_176,newyork,train,0,1,1,1,1,
newyork__location_177,newyork,train,1,1,1,1,1,
newyork__location_178,newyork,train,1,1,1,1,1,
newyork__location_179,newyork,train,1,1,1,1,1,
newyork__location_180,newyork,train,1,1,1,1,1,
newyork__location_181,newyork,train,1,1,1,1,1,
newyork__location_182,newyork,train,1,1,1,1,1,
newyork__location_183,newyork,train,1,1,1,1,1,
newyork__location_184,newyork,train,1,1,1,1,1,
newyork__location_185,newyork,train,1,1,1,1,1,
newyork__location_186,newyork,train,1,1,1,1,1,
newyork__location_187,newyork,train,1,1,1,1,1,
newyork__location_188,newyork,train,1,1,1,1,1,
newyork__location_189,newyork,train,1,0,1,1,1,
newyork__location_190,newyork,train,1,1,1,1,1,
newyork__location_191,newyork,train,1,1,1,1,1,
newyork__location_192,newyork,train,1,1,1,1,1,
newyork__location_193,newyork,train,1,1,1,1,1,
newyork__location_194,newyork,train,1,1,1,1,1,
newyork__location_195,newyork,train,1,0,1,1,1,
newyork__location_196,newyork,train,1,1,1,1,1,
newyork__location_197,newyork,train,1,0,1,1,1,
newyork__location_198,newyork,train,1,1,1,1,1,
newyork__location_199,newyork,train,1,1,1,1,1,
newyork__location_200,newyork,train,1,1,1,1,1,
newyork__location_201,newyork,train,1,1,1,1,1,
newyork__location_202,newyork,train,1,1,1,1,1,
newyork__location_203,newyork,train,1,1,1,1,1,
newyork__location_204,newyork,train,1,1,1,1,1,
newyork__location_205,newyork,train,1,1,1,1,1,
newyork__location_206,newyork,train,1,1,1,1,1,
newyork__location_207,newyork,train,1,0,1,1,1,
newyork__location_208,newyork,train,1,0,1,1,1,
newyork__location_209,newyork,train,1,1,1,1,1,
newyork__location_210,newyork,train,1,1,1,1,1,
newyork__location_211,newyork,train,1,1,1,1,1,
newyork__location_212,newyork,train,1,0,1,1,1,
newyork__location_213,newyork,train,1,1,1,1,1,
newyork__location_214,newyork,train,1,1,1,1,1,
newyork__location_215,newyork,train,1,1,1,1,1,
newyork__location_216,newyork,train,1,1,1,1,1,
newyork__location_217,newyork,train,1,1,1,1,1,
newyork__location_218,newyork,train,1,1,1,1,1,
newyork__location_219,newyork,train,1,0,1,1,1,
newyork__location_220,newyork,train,1,1,1,1,1,
newyork__location_221,newyork,train,1,1,1,1,1,
newyork__location_222,newyork,train,1,1,1,1,1,
newyork__location_223,newyork,train,1,1,1,1,1,
newyork__location_224,newyork,train,1,1,1,1,1,
newyork__location_225,newyork,train,1,1,1,1,1,
newyork__location_226,newyork,train,1,1,1,1,1,
newyork__location_227,newyork,train,1,1,1,1,1,
newyork__location_228,newyork,train,1,1,1,1,1,
newyork__location_229,newyork,train,1,1,1,1,1,
newyork__location_230,newyork,train,1,1,1,1,1,
newyork__location_231,newyork,train,1,1,1,1,1,
newyork__location_232,newyork,train,1,1,1,1,1,
newyork__location_233,newyork,train,1,1,1,1,1,
newyork__location_234,newyork,train,1,1,1,1,1,
newyork__location_235,newyork,train,1,1,1,1,1,
newyork__location_236,newyork,train,1,1,1,1,1,
newyork__location_237,newyork,train,1,1,1,1,1,
newyork__location_238,newyork,train,1,1,1,1,1,
newyork__location_239,newyork,train,1,1,1,1,1,
newyork__location_240,newyork,train,1,0,1,1,1,
newyork__location_241,newyork,train,1,1,1,1,1,
newyork__location_242,newyork,train,1,1,1,1,1,
newyork__location_243,newyork,train,1,1,1,1,1,
newyork__location_244,newyork,train,1,0,1,1,1,
newyork__location_245,newyork,train,1,1,1,1,1,
newyork__location_246,newyork,train,1,1,1,1,1,
newyork__location_247,newyork,train,1,1,1,1,1,
newyork__location_248,newyork,train,1,1,1,1,1,
newyork__location_249,newyork,train,1,1,1,1,1,
newyork__location_250,newyork,train,1,1,1,1,1,
newyork__location_251,newyork,train,1,1,1,1,1,
newyork__location_252,newyork,train,1,1,1,1,1,
newyork__location_253,newyork,train,1,1,1,1,1,
newyork__location_254,newyork,train,1,1,1,1,1,
newyork__location_255,newyork,train,1,1,1,1,1,
newyork__location_256,newyork,train,1,1,1,1,1,
newyork__location_257,newyork,train,1,1,1,1,1,
newyork__location_258,newyork,train,0,1,1,1,1,
newyork__location_259,newyork,train,1,1,1,1,1,
newyork__location_260,newyork,train,1,1,1,1,1,
newyork__location_261,newyork,train,1,0,1,1,1,
newyork__location_262,newyork,train,1,1,1,1,1,
newyork__location_263,newyork,train,1,1,1,1,1,
newyork__location_264,newyork,train,1,1,1,1,1,
newyork__location_265,newyork,train,1,1,1,1,1,
newyork__location_266,newyork,train,1,1,1,1,1,
newyork__location_267,newyork,train,1,1,1,1,1,
newyork__location_268,newyork,train,1,1,1,1,1,
newyork__location_269,newyork,train,1,1,1,1,1,
newyork__location_270,newyork,train,1,1,1,1,1,
newyork__location_271,newyork,train,1,1,1,1,1,
newyork__location_272,newyork,train,1,1,1,1,1,
newyork__location_273,newyork,train,1,1,1,1,1,
newyork__location_274,newyork,train,1,1,1,1,1,
newyork__location_275,newyork,train,1,1,1,1,1,
newyork__location_276,newyork,train,1,1,1,1,1,
newyork__location_277,newyork,train,1,0,1,1,1,
newyork__location_278,newyork,train,1,1,1,1,1,
newyork__location_279,newyork,train,1,1,1,1,1,
newyork__location_280,newyork,train,1,1,1,1,1,
newyork__location_281,newyork,train,1,1,1,1,1,
newyork__location_282,newyork,train,1,1,1,1,1,
newyork__location_283,newyork,train,1,1,1,1,1,
newyork__location_284,newyork,train,1,1,1,1,1,
newyork__location_285,newyork,train,1,1,1,1,1,
newyork__location_286,newyork,train,1,1,1,1,1,
newyork__location_287,newyork,train,1,1,1,1,1,
newyork__location_288,newyork,train,1,1,1,1,1,
newyork__location_289,newyork,train,1,0,1,1,1,
newyork__location_290,newyork,train,1,1,1,1,1,
newyork__location_291,newyork,train,1,1,1,1,1,
newyork__location_292,newyork,train,1,1,1,1,1,
newyork__location_293,newyork,train,1,1,1,1,1,
newyork__location_294,newyork,train,1,1,1,1,1,
newyork__location_295,newyork,train,1,1,1,1,1,
newyork__location_296,newyork,train,1,1,1,1,1,
newyork__location_297,newyork,train,1,1,1,1,1,
newyork__location_298,newyork,train,1,1,1,1,1,
newyork__location_299,newyork,train,1,1,1,1,1,
newyork__location_300,newyork,train,1,1,1,1,1,
newyork__location_301,newyork,train,1,1,1,1,1,
newyork__location_302,newyork,train,1,1,1,1,1,
newyork__location_303,newyork,train,1,1,1,1,1,
newyork__location_304,newyork,train,1,1,1,1,1,
newyork__location_305,newyork,train,1,1,1,1,1,
newyork__location_306,newyork,train,1,1,1,1,1,
newyork__location_307,newyork,train,1,1,1,1,1,
newyork__location_308,newyork,train,1,0,1,1,1,
newyork__location_309,newyork,train,1,1,1,1,1,
newyork__location_310,newyork,train,1,1,1,1,1,
newyork__location_311,newyork,train,1,1,1,1,1,
newyork__location_312,newyork,train,1,0,1,1,1,
newyork__location_313,newyork,train,1,1,1,1,1,
newyork__location_314,newyork,train,1,1,1,1,1,
newyork__location_315,newyork,train,1,1,1,1,1,
newyork__location_316,newyork,train,1,1,1,1,1,
newyork__location_317,newyork,train,0,1,1,1,1,
newyork__location_318,newyork,train,1,1,1,1,1,
newyork__location_319,newyork,train,1,1,1,1,1,
newyork__location_320,newyork,train,1,1,1,1,1,
newyork__location_321,newyork,train,1,1,1,1,1,
newyork__location_322,newyork,train,1,1,1,1,1,
newyork__location_323,newyork,train,1,1,1,1,1,
newyork__location_324,newyork,train,1,0,1,1,1,
newyork__location_325,newyork,train,1,1,1,1,1,
newyork__location_326,newyork,train,1,1,1,1,1,
newyork__location_327,newyork,train,1,1,1,1,1,
newyork__location_328,newyork,train,1,1,1,1,1,
newyork__location_329,newyork,train,1,1,1,1,1,
newyork__location_330,newyork,train,1,1,1,1,1,
newyork__location_331,newyork,train,1,1,1,1,1,
newyork__location_332,newyork,train,1,1,1,1,1,
newyork__location_333,newyork,train,1,1,1,1,1,
newyork__location_334,newyork,train,1,1,1,1,1,
newyork__location_335,newyork,train,1,1,1,1,1,
newyork__location_336,newyork,train,1,1,1,1,1,
newyork__location_337,newyork,train,1,1,1,1,1,
newyork__location_338,newyork,train,1,1,1,1,1,
newyork__location_339,newyork,train,1,1,1,1,1,
newyork__location_340,newyork,train,1,1,1,1,1,
newyork__location_341,newyork,train,1,1,1,1,1,
newyork__location_342,newyork,train,1,1,1,1,1,
newyork__location_343,newyork,train,1,1,1,1,1,
newyork__location_344,newyork,train,1,1,1,1,1,
newyork__location_345,newyork,train,1,1,1,1,1,
newyork__location_346,newyork,train,1,1,1,1,1,
newyork__location_347,newyork,train,1,1,1,1,1,
newyork__location_348,newyork,train,1,1,1,1,1,
newyork__location_349,newyork,train,1,1,1,1,1,
newyork__location_350,newyork,train,1,1,1,1,1,
newyork__location_351,newyork,train,1,1,1,1,1,
newyork__location_352,newyork,train,1,1,1,1,1,
newyork__location_353,newyork,train,1,1,1,1,1,
newyork__location_354,newyork,train,1,1,1,1,1,
newyork__location_355,newyork,train,1,1,1,1,1,
newyork__location_356,newyork,train,1,1,1,1,1,
newyork__location_357,newyork,train,1,1,1,1,1,
newyork__location_358,newyork,train,1,1,1,1,1,
newyork__location_359,newyork,train,1,1,1,1,1,
newyork__location_360,newyork,train,1,1,1,1,1,
newyork__location_361,newyork,train,1,1,1,1,1,
newyork__location_362,newyork,train,1,1,1,1,1,
newyork__location_363,newyork,train,1,1,1,1,1,
newyork__location_364,newyork,train,1,1,1,1,1,
newyork__location_365,newyork,train,1,1,1,1,1,
newyork__location_366,newyork,train,1,1,1,1,1,
newyork__location_367,newyork,train,1,1,1,1,1,
newyork__location_368,newyork,train,1,1,1,1,1,
newyork__location_369,newyork,train,1,1,1,1,1,
newyork__location_370,newyork,train,1,1,1,1,1,
newyork__location_371,newyork,train,1,1,1,1,1,
newyork__location_372,newyork,train,1,1,1,1,1,
newyork__location_373,newyork,train,1,1,1,1,1,
newyork__location_374,newyork,train,1,1,1,1,1,
newyork__location_375,newyork,train,1,1,1,1,1,
newyork__location_376,newyork,train,1,1,1,1,1,
newyork__location_377,newyork,train,1,1,1,1,1,
newyork__location_378,newyork,train,1,1,1,1,1,
newyork__location_379,newyork,train,1,1,1,1,1,
newyork__location_380,newyork,train,1,1,1,1,1,
newyork__location_381,newyork,train,1,1,1,1,1,
newyork__location_382,newyork,train,1,1,1,1,1,
newyork__location_383,newyork,train,0,0,1,1,1,
newyork__location_384,newyork,train,1,1,1,1,1,
newyork__location_385,newyork,train,1,1,1,1,1,
newyork__location_386,newyork,train,1,1,1,1,1,
newyork__location_387,newyork,train,1,1,1,1,1,
newyork__location_388,newyork,train,1,1,1,1,1,
newyork__location_389,newyork,train,1,1,1,1,1,
newyork__location_390,newyork,train,1,1,1,1,1,
newyork__location_391,newyork,train,1,1,1,1,1,
newyork__location_392,newyork,train,0,1,1,1,1,
newyork__location_393,newyork,train,1,1,1,1,1,
newyork__location_394,newyork,train,1,1,1,1,1,
newyork__location_395,newyork,train,1,1,1,1,1,
newyork__location_396,newyork,train,1,0,1,1,1,
newyork__location_397,newyork,train,1,1,1,1,1,
newyork__location_398,newyork,train,1,0,1,1,1,
newyork__location_399,newyork,train,1,1,1,1,1,
newyork__location_400,newyork,train,1,1,1,1,1,
newyork__location_401,newyork,train,1,1,1,1,1,
newyork__location_402,newyork,train,1,1,1,1,1,
newyork__location_403,newyork,train,1,1,1,1,1,
newyork__location_404,newyork,train,1,1,1,1,1,
newyork__location_405,newyork,train,1,1,1,1,1,
newyork__location_406,newyork,train,1,1,1,1,1,
newyork__location_407,newyork,train,1,1,1,1,1,
newyork__location_408,newyork,train,1,1,1,1,1,
newyork__location_409,newyork,train,1,1,1,1,1,
newyork__location_410,newyork,train,1,1,1,1,1,
newyork__location_411,newyork,train,1,0,1,1,1,
newyork__location_412,newyork,train,1,1,1,1,1,
newyork__location_413,newyork,train,1,1,1,1,1,
newyork__location_414,newyork,train,1,1,1,1,1,
newyork__location_415,newyork,train,1,1,1,1,1,
newyork__location_416,newyork,train,1,1,1,1,1,
newyork__location_417,newyork,train,1,1,1,1,1,
newyork__location_418,newyork,train,1,1,1,1,1,
newyork__location_419,newyork,train,1,1,1,1,1,
newyork__location_420,newyork,train,1,1,1,1,1,
newyork__location_421,newyork,train,1,1,1,1,1,
newyork__location_422,newyork,train,1,1,1,1,1,
newyork__location_423,newyork,train,1,1,1,1,1,
newyork__location_424,newyork,train,1,1,1,1,1,
newyork__location_425,newyork,train,1,1,1,1,1,
newyork__location_426,newyork,train,1,1,1,1,1,
newyork__location_427,newyork,train,1,1,1,1,1,
newyork__location_428,newyork,train,1,1,1,1,1,
newyork__location_429,newyork,train,1,1,1,1,1,
newyork__location_430,newyork,train,1,1,1,1,1,
newyork__location_431,newyork,train,1,1,1,1,1,
newyork__location_432,newyork,train,1,1,1,1,1,
newyork__location_433,newyork,train,1,1,1,1,1,
newyork__location_434,newyork,train,1,1,1,1,1,
newyork__location_435,newyork,train,1,1,1,1,1,
newyork__location_436,newyork,train,1,1,1,1,1,
newyork__location_437,newyork,train,1,1,1,1,1,
newyork__location_438,newyork,train,1,1,1,1,1,
newyork__location_439,newyork,train,1,1,1,1,1,
newyork__location_440,newyork,train,1,1,1,1,1,
newyork__location_441,newyork,train,1,1,1,1,1,
newyork__location_442,newyork,train,1,1,1,1,1,
newyork__location_443,newyork,train,1,1,1,1,1,
newyork__location_444,newyork,train,1,1,1,1,1,
newyork__location_445,newyork,train,1,1,1,1,1,
newyork__location_446,newyork,train,1,1,1,1,1,
newyork__location_447,newyork,train,1,1,1,1,1,
newyork__location_448,newyork,train,1,1,1,1,1,
newyork__location_449,newyork,train,1,1,1,1,1,
newyork__location_450,newyork,train,1,1,1,1,1,
newyork__location_451,newyork,val,1,1,1,1,1,
newyork__location_452,newyork,val,1,1,1,1,1,
newyork__location_453,newyork,val,1,1,1,1,1,
newyork__location_454,newyork,val,1,1,1,1,1,
newyork__location_455,newyork,val,1,1,1,1,1,
newyork__location_456,newyork,val,1,1,1,1,1,
newyork__location_457,newyork,val,1,1,1,1,1,
newyork__location_458,newyork,val,1,1,1,1,1,
newyork__location_459,newyork,val,1,1,1,1,1,
newyork__location_460,newyork,val,1,1,1,1,1,
newyork__location_461,newyork,val,1,1,1,1,1,
newyork__location_462,newyork,val,1,1,1,1,1,
newyork__location_463,newyork,val,1,1,1,1,1,
newyork__location_464,newyork,val,1,1,1,1,1,
newyork__location_465,newyork,val,1,1,1,1,1,
newyork__location_466,newyork,val,1,1,1,1,1,
newyork__location_467,newyork,val,1,1,1,1,1,
newyork__location_468,newyork,val,1,1,1,1,1,
newyork__location_469,newyork,val,1,1,1,1,1,
newyork__location_470,newyork,val,1,0,1,1,1,
newyork__location_471,newyork,val,1,1,1,1,1,
newyork__location_472,newyork,val,1,1,1,1,1,
newyork__location_473,newyork,val,1,1,1,1,1,
newyork__location_474,newyork,val,1,1,1,1,1,
newyork__location_475,newyork,val,1,1,1,1,1,
newyork__location_476,newyork,test,1,1,1,1,1,
newyork__location_477,newyork,test,1,1,1,1,1,
newyork__location_478,newyork,test,1,1,1,1,1,
newyork__location_479,newyork,test,1,1,1,1,1,
newyork__location_480,newyork,test,1,1,1,1,1,
newyork__location_481,newyork,test,1,1,1,1,1,
newyork__location_482,newyork,test,1,1,1,1,1,
newyork__location_483,newyork,test,1,1,1,1,1,
newyork__location_484,newyork,test,1,1,1,1,1,
newyork__location_485,newyork,test,1,1,1,1,1,
newyork__location_486,newyork,test,1,1,1,1,1,
newyork__location_487,newyork,test,1,1,1,1,1,
newyork__location_488,newyork,test,1,1,1,1,1,
newyork__location_489,newyork,test,1,1,1,1,1,
newyork__location_490,newyork,test,1,1,1,1,1,
newyork__location_491,newyork,test,1,1,1,1,1,
newyork__location_492,newyork,test,1,0,1,1,1,
newyork__location_493,newyork,test,1,1,1,1,1,
newyork__location_494,newyork,test,1,1,1,1,1,
newyork__location_495,newyork,test,1,1,1,1,1,
newyork__location_496,newyork,test,1,1,1,1,1,
newyork__location_497,newyork,test,1,1,1,1,1,
newyork__location_498,newyork,test,1,1,1,1,1,
newyork__location_499,newyork,test,1,1,1,1,1,
newyork__location_500,newyork,test,1,1,1,1,1,
sanfrancisco__location_1,sanfrancisco,train,1,1,1,1,1,
sanfrancisco__location_2,sanfrancisco,train,1,1,1,1,1,
sanfrancisco__location_3,sanfrancisco,train,1,1,1,1,1,
sanfrancisco__location_4,sanfrancisco,train,1,1,1,1,1,
sanfrancisco__location_5,sanfrancisco,train,1,1,1,1,1,
sanfrancisco__location_6,sanfrancisco,train,1,1,1,1,1,
sanfrancisco__location_7,sanfrancisco,train,1,1,1,1,1,
sanfrancisco__location_8,sanfrancisco,train,1,1,1,1,1,
sanfrancisco__location_9,sanfrancisco,train,1,1,1,1,1,
sanfrancisco__location_10,sanfrancisco,train,1,1,1,1,1,
sanfrancisco__location_11,sanfrancisco,train,1,1,1,1,1,
sanfrancisco__location_12,sanfrancisco,train,1,1,1,1,1,
sanfrancisco__location_13,sanfrancisco,train,1,1,1,1,1,
sanfrancisco__location_14,sanfrancisco,train,1,1,1,1,1,
sanfrancisco__location_15,sanfrancisco,train,1,1,1,1,1,
sanfrancisco__location_16,sanfrancisco,train,1,1,1,1,1,
sanfrancisco__location_17,sanfrancisco,train,1,1,1,1,1,
sanfrancisco__location_18,sanfrancisco,train,1,1,1,1,1,
sanfrancisco__location_19,sanfrancisco,train,1,1,1,1,1,
sanfrancisco__location_20,sanfrancisco,train,1,1,1,1,1,
sanfrancisco__location_21,sanfrancisco,train,1,1,1,1,1,
sanfrancisco__location_22,sanfrancisco,train,1,1,1,1,1,
sanfrancisco__location_23,sanfrancisco,train,1,1,1,1,1,
sanfrancisco__location_24,sanfrancisco,train,1,1,1,1,1,
sanfrancisco__location_25,sanfrancisco,train,1,1,1,1,1,
sanfrancisco__location_26,sanfrancisco,train,1,1,1,1,1,
sanfrancisco__location_27,sanfrancisco,train,1,1,1,1,1,
sanfrancisco__location_28,sanfrancisco,train,1,1,1,1,1,
sanfrancisco__location_29,sanfrancisco,train,1,1,1,1,1,
sanfrancisco__location_30,sanfrancisco,train,1,1,1,1,1,
sanfrancisco__location_31,sanfrancisco,train,1,1,1,1,1,
sanfrancisco__location_32,sanfrancisco,train,1,1,1,1,1,
sanfrancisco__location_33,sanfrancisco,train,1,1,1,1,1,
sanfrancisco__location_34,sanfrancisco,train,1,1,1,1,1,
sanfrancisco__location_35,sanfrancisco,train,1,1,1,1,1,
sanfrancisco__location_36,sanfrancisco,train,1,1,1,1,1,
sanfrancisco__location_37,sanfrancisco,train,1,1,1,1,1,
sanfrancisco__location_38,sanfrancisco,train,1,1,1,1,1,
sanfrancisco__location_39,sanfrancisco,train,1,1,1,1,1,
sanfrancisco__location_40,sanfrancisco,train,1,1,1,1,1,
sanfrancisco__location_41,sanfrancisco,train,1,1,1,1,1,
sanfrancisco__location_42,sanfrancisco,train,1,1,1,1,1,
sanfrancisco__location_43,sanfrancisco,train,1,1,1,1,1,
sanfrancisco__location_44,sanfrancisco,train,1,1,1,1,1,
sanfrancisco__location_45,sanfrancisco,train,1,1,1,1,1,
sanfrancisco__location_46,sanfrancisco,train,1,1,1,1,1,
sanfrancisco__location_47,sanfrancisco,train,1,1,1,1,1,
sanfrancisco__location_48,sanfrancisco,train,1,1,1,1,1,
sanfrancisco__location_49,sanfrancisco,train,1,1,1,1,1,
sanfrancisco__location_50,sanfrancisco,train,1,1,1,1,1,
sanfrancisco__location_51,sanfrancisco,train,1,1,1,1,1,
sanfrancisco__location_52,sanfrancisco,train,1,1,1,1,1,
sanfrancisco__location_53,sanfrancisco,train,1,1,1,1,1,
sanfrancisco__location_54,sanfrancisco,train,1,1,1,1,1,
sanfrancisco__location_55,sanfrancisco,train,1,1,1,1,1,
sanfrancisco__location_56,sanfrancisco,train,1,1,1,1,1,
sanfrancisco__location_57,sanfrancisco,train,1,1,1,1,1,
sanfrancisco__location_58,sanfrancisco,train,1,1,1,1,1,
sanfrancisco__location_59,sanfrancisco,train,1,1,1,1,1,
sanfrancisco__location_60,sanfrancisco,train,1,1,1,1,1,
sanfrancisco__location_61,sanfrancisco,train,1,1,1,1,1,
sanfrancisco__location_62,sanfrancisco,train,1,1,1,1,1,
sanfrancisco__location_63,sanfrancisco,train,1,1,1,1,1,
sanfrancisco__location_64,sanfrancisco,train,1,1,1,1,1,
sanfrancisco__location_65,sanfrancisco,train,1,1,1,1,1,
sanfrancisco__location_66,sanfrancisco,train,1,1,1,1,1,
sanfrancisco__location_67,sanfrancisco,train,1,1,1,1,1,
sanfrancisco__location_68,sanfrancisco,train,1,1,1,1,1,
sanfrancisco__location_69,sanfrancisco,train,1,1,1,1,1,
sanfrancisco__location_70,sanfrancisco,train,1,1,1,1,1,
sanfrancisco__location_71,sanfrancisco,train,1,1,1,1,1,
sanfrancisco__location_72,sanfrancisco,train,1,1,1,1,1,
sanfrancisco__location_73,sanfrancisco,train,1,1,1,1,1,
sanfrancisco__location_74,sanfrancisco,train,1,1,1,1,1,
sanfrancisco__location_75,sanfrancisco,train,1,1,1,1,1,
sanfrancisco__location_76,sanfrancisco,train,0,0,0,0,0,
sanfrancisco__location_77,sanfrancisco,train,1,1,1,1,1,
sanfrancisco__location_78,sanfrancisco,train,1,1,1,1,1,
sanfrancisco__location_79,sanfrancisco,train,1,1,1,1,1,
sanfrancisco__location_80,sanfrancisco,train,1,1,1,1,1,
sanfrancisco__location_81,sanfrancisco,train,1,1,1,1,1,
sanfrancisco__location_82,sanfrancisco,train,1,1,1,1,1,
sanfrancisco__location_83,sanfrancisco,train,1,1,1,1,1,
sanfrancisco__location_84,sanfrancisco,train,1,1,1,1,1,
sanfrancisco__location_85,sanfrancisco,train,1,1,1,1,1,
sanfrancisco__location_86,sanfrancisco,train,1,1,1,1,1,
sanfrancisco__location_87,sanfrancisco,train,1,1,1,1,1,
sanfrancisco__location_88,sanfrancisco,train,1,1,1,1,1,
sanfrancisco__location_89,sanfrancisco,train,1,1,1,1,1,
sanfrancisco__location_90,sanfrancisco,train,1,1,1,1,1,
sanfrancisco__location_91,sanfrancisco,train,1,1,1,1,1,
sanfrancisco__location_92,sanfrancisco,train,1,1,1,1,1,
sanfrancisco__location_93,sanfrancisco,train,1,1,1,1,1,
sanfrancisco__location_94,sanfrancisco,train,1,1,1,1,1,
sanfrancisco__location_95,sanfrancisco,train,1,1,1,1,1,
sanfrancisco__location_96,sanfrancisco,train,1,1,1,1,1,
sanfrancisco__location_97,sanfrancisco,train,1,1,1,1,1,
sanfrancisco__location_98,sanfrancisco,train,1,1,1,1,1,
sanfrancisco__location_99,sanfrancisco,train,1,1,1,1,1,
sanfrancisco__location_100,sanfrancisco,train,1,1,1,1,1,
sanfrancisco__location_101,sanfrancisco,train,1,1,1,1,1,
sanfrancisco__location_102,sanfrancisco,train,1,1,1,1,1,
sanfrancisco__location_103,sanfrancisco,train,1,1,1,1,1,
sanfrancisco__location_104,sanfrancisco,train,1,1,1,1,1,
sanfrancisco__location_105,sanfrancisco,train,1,1,1,1,1,
sanfrancisco__location_106,sanfrancisco,train,1,1,1,1,1,
sanfrancisco__location_107,sanfrancisco,train,1,1,1,1,1,
sanfrancisco__location_108,sanfrancisco,train,1,1,1,1,1,
sanfrancisco__location_109,sanfrancisco,train,1,1,1,1,1,
sanfrancisco__location_110,sanfrancisco,train,1,1,1,1,1,
sanfrancisco__location_111,sanfrancisco,train,1,1,1,1,1,
sanfrancisco__location_112,sanfrancisco,train,1,1,1,1,1,
sanfrancisco__location_113,sanfrancisco,train,1,1,1,1,1,
sanfrancisco__location_114,sanfrancisco,train,1,1,1,1,1,
sanfrancisco__location_115,sanfrancisco,train,1,1,1,1,1,
sanfrancisco__location_116,sanfrancisco,train,1,1,1,1,1,
sanfrancisco__location_117,sanfrancisco,train,1,1,1,1,1,
sanfrancisco__location_118,sanfrancisco,train,1,1,1,1,1,
sanfrancisco__location_119,sanfrancisco,train,1,1,1,1,1,
sanfrancisco__location_120,sanfrancisco,train,1,1,1,1,1,
sanfrancisco__location_121,sanfrancisco,train,1,1,1,1,1,
sanfrancisco__location_122,sanfrancisco,train,1,1,1,1,1,
sanfrancisco__location_123,sanfrancisco,train,1,1,1,1,1,
sanfrancisco__location_124,sanfrancisco,train,1,1,1,1,1,
sanfrancisco__location_125,sanfrancisco,train,1,1,1,1,1,
sanfrancisco__location_126,sanfrancisco,train,1,1,1,1,1,
sanfrancisco__location_127,sanfrancisco,train,0,0,0,0,0,
sanfrancisco__location_128,sanfrancisco,train,1,1,1,1,1,
sanfrancisco__location_129,sanfrancisco,train,1,1,1,1,1,
sanfrancisco__location_130,sanfrancisco,train,1,1,1,1,1,
sanfrancisco__location_131,sanfrancisco,train,1,1,1,1,1,
sanfrancisco__location_132,sanfrancisco,train,1,1,1,1,1,
sanfrancisco__location_133,sanfrancisco,train,1,1,1,1,1,
sanfrancisco__location_134,sanfrancisco,train,1,1,1,1,1,
sanfrancisco__location_135,sanfrancisco,train,1,1,1,1,1,
sanfrancisco__location_136,sanfrancisco,train,1,1,1,1,1,
sanfrancisco__location_137,sanfrancisco,train,1,1,1,1,1,
sanfrancisco__location_138,sanfrancisco,train,1,1,1,1,1,
sanfrancisco__location_139,sanfrancisco,train,1,1,1,1,1,
sanfrancisco__location_140,sanfrancisco,train,1,1,1,1,1,
sanfrancisco__location_141,sanfrancisco,train,1,1,1,1,1,
sanfrancisco__location_142,sanfrancisco,train,1,1,1,1,1,
sanfrancisco__location_143,sanfrancisco,train,1,1,1,1,1,
sanfrancisco__location_144,sanfrancisco,train,1,1,1,1,1,
sanfrancisco__location_145,sanfrancisco,train,1,1,1,1,1,
sanfrancisco__location_146,sanfrancisco,train,1,1,1,1,1,
sanfrancisco__location_147,sanfrancisco,train,1,1,1,1,1,
sanfrancisco__location_148,sanfrancisco,train,1,1,1,1,1,
sanfrancisco__location_149,sanfrancisco,train,1,1,1,1,1,
sanfrancisco__location_150,sanfrancisco,train,1,1,1,1,1,
sanfrancisco__location_151,sanfrancisco,train,1,1,1,1,1,
sanfrancisco__location_152,sanfrancisco,train,1,1,1,1,1,
sanfrancisco__location_153,sanfrancisco,train,1,1,1,1,1,
sanfrancisco__location_154,sanfrancisco,train,1,1,1,1,1,
sanfrancisco__location_155,sanfrancisco,train,1,1,1,1,1,
sanfrancisco__location_156,sanfrancisco,train,0,0,0,0,0,
sanfrancisco__location_157,sanfrancisco,train,1,1,1,1,1,
sanfrancisco__location_158,sanfrancisco,train,1,1,1,1,1,
sanfrancisco__location_159,sanfrancisco,train,1,1,1,1,1,
sanfrancisco__location_160,sanfrancisco,train,1,1,1,1,1,
sanfrancisco__location_161,sanfrancisco,train,1,1,1,1,1,
sanfrancisco__location_162,sanfrancisco,train,1,1,1,1,1,
sanfrancisco__location_163,sanfrancisco,train,1,1,1,1,1,
sanfrancisco__location_164,sanfrancisco,train,1,1,1,1,1,
sanfrancisco__location_165,sanfrancisco,train,1,1,1,1,1,
sanfrancisco__location_166,sanfrancisco,train,0,0,0,0,0,
sanfrancisco__location_167,sanfrancisco,train,1,1,1,1,1,
sanfrancisco__location_168,sanfrancisco,train,1,1,1,1,1,
sanfrancisco__location_169,sanfrancisco,train,1,1,1,1,1,
sanfrancisco__location_170,sanfrancisco,train,1,1,1,1,1,
sanfrancisco__location_171,sanfrancisco,train,1,1,1,1,1,
sanfrancisco__location_172,sanfrancisco,train,1,1,1,1,1,
sanfrancisco__location_173,sanfrancisco,train,1,1,1,1,1,
sanfrancisco__location_174,sanfrancisco,train,1,1,1,1,1,
sanfrancisco__location_175,sanfrancisco,train,1,1,1,1,1,
sanfrancisco__location_176,sanfrancisco,train,1,1,1,1,1,
sanfrancisco__location_177,sanfrancisco,train,1,1,1,1,1,
sanfrancisco__location_178,sanfrancisco,train,1,1,1,1,1,
sanfrancisco__location_179,sanfrancisco,train,1,1,1,1,1,
sanfrancisco__location_180,sanfrancisco,train,1,1,1,1,1,
sanfrancisco__location_181,sanfrancisco,train,1,1,1,1,1,
sanfrancisco__location_182,sanfrancisco,train,1,1,1,1,1,
sanfrancisco__location_183,sanfrancisco,train,1,1,1,1,1,
sanfrancisco__location_184,sanfrancisco,train,1,1,1,1,1,
sanfrancisco__location_185,sanfrancisco,train,1,1,1,1,1,
sanfrancisco__location_186,sanfrancisco,train,1,1,1,1,1,
sanfrancisco__location_187,sanfrancisco,train,1,1,1,1,1,
sanfrancisco__location_188,sanfrancisco,train,1,1,1,1,1,
sanfrancisco__location_189,sanfrancisco,train,1,1,1,1,1,
sanfrancisco__location_190,sanfrancisco,train,1,1,1,1,1,
sanfrancisco__location_191,sanfrancisco,train,1,1,1,1,1,
sanfrancisco__location_192,sanfrancisco,train,1,1,1,1,1,
sanfrancisco__location_193,sanfrancisco,train,0,0,0,0,0,
sanfrancisco__location_194,sanfrancisco,train,1,1,1,1,1,
sanfrancisco__location_195,sanfrancisco,train,1,1,1,1,1,
sanfrancisco__location_196,sanfrancisco,train,1,1,1,1,1,
sanfrancisco__location_197,sanfrancisco,train,1,1,1,1,1,
sanfrancisco__location_198,sanfrancisco,train,1,1,1,1,1,
sanfrancisco__location_199,sanfrancisco,train,1,1,1,1,1,
sanfrancisco__location_200,sanfrancisco,train,1,1,1,1,1,
sanfrancisco__location_201,sanfrancisco,train,1,1,1,1,1,
sanfrancisco__location_202,sanfrancisco,train,1,1,1,1,1,
sanfrancisco__location_203,sanfrancisco,train,1,1,1,1,1,
sanfrancisco__location_204,sanfrancisco,train,1,1,1,1,1,
sanfrancisco__location_205,sanfrancisco,train,1,1,1,1,1,
sanfrancisco__location_206,sanfrancisco,train,1,1,1,1,1,
sanfrancisco__location_207,sanfrancisco,train,1,1,1,1,1,
sanfrancisco__location_208,sanfrancisco,train,1,1,1,1,1,
sanfrancisco__location_209,sanfrancisco,train,1,1,1,1,1,
sanfrancisco__location_210,sanfrancisco,train,1,1,1,1,1,
sanfrancisco__location_211,sanfrancisco,train,1,1,1,1,1,
sanfrancisco__location_212,sanfrancisco,train,1,1,1,1,1,
sanfrancisco__location_213,sanfrancisco,train,1,1,1,1,1,
sanfrancisco__location_214,sanfrancisco,train,1,1,1,1,1,
sanfrancisco__location_215,sanfrancisco,train,1,1,1,1,1,
sanfrancisco__location_216,sanfrancisco,train,1,1,1,1,1,
sanfrancisco__location_217,sanfrancisco,train,1,1,1,1,1,
sanfrancisco__location_218,sanfrancisco,train,1,1,1,1,1,
sanfrancisco__location_219,sanfrancisco,train,0,0,0,0,0,
sanfrancisco__location_220,sanfrancisco,train,1,1,1,1,1,
sanfrancisco__location_221,sanfrancisco,train,0,0,0,0,0,
sanfrancisco__location_222,sanfrancisco,train,1,1,1,1,1,
sanfrancisco__location_223,sanfrancisco,train,1,1,1,1,1,
sanfrancisco__location_224,sanfrancisco,train,1,1,1,1,1,
sanfrancisco__location_225,sanfrancisco,train,1,1,1,1,1,
sanfrancisco__location_226,sanfrancisco,train,1,1,1,1,1,
sanfrancisco__location_227,sanfrancisco,train,1,1,1,1,1,
sanfrancisco__location_228,sanfrancisco,train,0,0,0,0,0,
sanfrancisco__location_229,sanfrancisco,train,1,1,1,1,1,
sanfrancisco__location_230,sanfrancisco,train,1,1,1,1,1,
sanfrancisco__location_231,sanfrancisco,train,1,1,1,1,1,
sanfrancisco__location_232,sanfrancisco,train,1,1,1,1,1,
sanfrancisco__location_233,sanfrancisco,train,1,1,1,1,1,
sanfrancisco__location_234,sanfrancisco,train,1,1,1,1,1,
sanfrancisco__location_235,sanfrancisco,train,1,1,1,1,1,
sanfrancisco__location_236,sanfrancisco,train,1,1,1,1,1,
sanfrancisco__location_237,sanfrancisco,train,1,1,1,1,1,
sanfrancisco__location_238,sanfrancisco,train,1,1,1,1,1,
sanfrancisco__location_239,sanfrancisco,train,1,1,1,1,1,
sanfrancisco__location_240,sanfrancisco,train,1,1,1,1,1,
sanfrancisco__location_241,sanfrancisco,train,1,1,1,1,1,
sanfrancisco__location_242,sanfrancisco,train,0,0,0,0,0,
sanfrancisco__location_243,sanfrancisco,train,1,1,1,1,1,
sanfrancisco__location_244,sanfrancisco,train,1,1,1,1,1,
sanfrancisco__location_245,sanfrancisco,train,1,1,1,1,1,
sanfrancisco__location_246,sanfrancisco,train,1,1,1,1,1,
sanfrancisco__location_247,sanfrancisco,train,1,1,1,1,1,
sanfrancisco__location_248,sanfrancisco,train,0,0,0,0,0,
sanfrancisco__location_249,sanfrancisco,train,1,1,1,1,1,
sanfrancisco__location_250,sanfrancisco,train,1,1,1,1,1,
sanfrancisco__location_251,sanfrancisco,train,1,1,1,1,1,
sanfrancisco__location_252,sanfrancisco,train,1,1,1,1,1,
sanfrancisco__location_253,sanfrancisco,train,1,1,1,1,1,
sanfrancisco__location_254,sanfrancisco,train,1,1,1,1,1,
sanfrancisco__location_255,sanfrancisco,train,1,1,1,1,1,
sanfrancisco__location_256,sanfrancisco,train,1,1,1,1,1,
sanfrancisco__location_257,sanfrancisco,train,1,1,1,1,1,
sanfrancisco__location_258,sanfrancisco,train,1,1,1,1,1,
sanfrancisco__location_259,sanfrancisco,train,1,1,1,1,1,
sanfrancisco__location_260,sanfrancisco,train,1,1,1,1,1,
sanfrancisco__location_261,sanfrancisco,train,1,1,1,1,1,
sanfrancisco__location_262,sanfrancisco,train,1,1,1,1,1,
sanfrancisco__location_263,sanfrancisco,train,1,1,1,1,1,
sanfrancisco__location_264,sanfrancisco,train,1,1,1,1,1,
sanfrancisco__location_265,sanfrancisco,train,1,1,1,1,1,
sanfrancisco__location_266,sanfrancisco,train,1,1,1,1,1,
sanfrancisco__location_267,sanfrancisco,train,1,1,1,1,1,
sanfrancisco__location_268,sanfrancisco,train,1,1,1,1,1,
sanfrancisco__location_269,sanfrancisco,train,1,1,1,1,1,
sanfrancisco__location_270,sanfrancisco,train,1,1,1,1,1,
sanfrancisco__location_271,sanfrancisco,train,1,1,1,1,1,
sanfrancisco__location_272,sanfrancisco,train,1,1,1,1,1,
sanfrancisco__location_273,sanfrancisco,train,1,1,1,1,1,
sanfrancisco__location_274,sanfrancisco,train,1,1,1,1,1,
sanfrancisco__location_275,sanfrancisco,train,1,1,1,1,1,
sanfrancisco__location_276,sanfrancisco,train,1,1,1,1,1,
sanfrancisco__location_277,sanfrancisco,train,1,1,1,1,1,
sanfrancisco__location_278,sanfrancisco,train,1,1,1,1,1,
sanfrancisco__location_279,sanfrancisco,train,1,1,1,1,1,
sanfrancisco__location_280,sanfrancisco,train,1,1,1,1,1,
sanfrancisco__location_281,sanfrancisco,train,1,1,1,1,1,
sanfrancisco__location_282,sanfrancisco,train,1,1,1,1,1,
sanfrancisco__location_283,sanfrancisco,train,1,1,1,1,1,
sanfrancisco__location_284,sanfrancisco,train,1,1,1,1,1,
sanfrancisco__location_285,sanfrancisco,train,1,1,1,1,1,
sanfrancisco__location_286,sanfrancisco,train,1,1,1,1,1,
sanfrancisco__location_287,sanfrancisco,train,1,1,1,1,1,
sanfrancisco__location_288,sanfrancisco,train,1,1,1,1,1,
sanfrancisco__location_289,sanfrancisco,train,1,1,1,1,1,
sanfrancisco__location_290,sanfrancisco,train,1,1,1,1,1,
sanfrancisco__location_291,sanfrancisco,train,1,1,1,1,1,
sanfrancisco__location_292,sanfrancisco,train,1,1,1,1,1,
sanfrancisco__location_293,sanfrancisco,train,1,1,1,1,1,
sanfrancisco__location_294,sanfrancisco,train,1,1,1,1,1,
sanfrancisco__location_295,sanfrancisco,train,1,1,1,1,1,
sanfrancisco__location_296,sanfrancisco,train,1,1,1,1,1,
sanfrancisco__location_297,sanfrancisco,train,1,1,1,1,1,
sanfrancisco__location_298,sanfrancisco,train,1,1,1,1,1,
sanfrancisco__location_299,sanfrancisco,train,1,1,1,1,1,
sanfrancisco__location_300,sanfrancisco,train,1,1,1,1,1,
sanfrancisco__location_301,sanfrancisco,train,1,1,1,1,1,
sanfrancisco__location_302,sanfrancisco,train,1,1,1,1,1,
sanfrancisco__location_303,sanfrancisco,train,1,1,1,1,1,
sanfrancisco__location_304,sanfrancisco,train,1,1,1,1,1,
sanfrancisco__location_305,sanfrancisco,train,1,1,1,1,1,
sanfrancisco__location_306,sanfrancisco,train,1,1,1,1,1,
sanfrancisco__location_307,sanfrancisco,train,1,1,1,1,1,
sanfrancisco__location_308,sanfrancisco,train,1,1,1,1,1,
sanfrancisco__location_309,sanfrancisco,train,1,1,1,1,1,
sanfrancisco__location_310,sanfrancisco,train,1,1,1,1,1,
sanfrancisco__location_311,sanfrancisco,train,1,1,1,1,1,
sanfrancisco__location_312,sanfrancisco,train,1,1,1,1,1,
sanfrancisco__location_313,sanfrancisco,train,1,1,1,1,1,
sanfrancisco__location_314,sanfrancisco,train,1,1,1,1,1,
sanfrancisco__location_315,sanfrancisco,train,1,1,1,1,1,
sanfrancisco__location_316,sanfrancisco,train,1,1,1,1,1,
sanfrancisco__location_317,sanfrancisco,train,1,1,1,1,1,
sanfrancisco__location_318,sanfrancisco,train,1,1,1,1,1,
sanfrancisco__location_319,sanfrancisco,train,1,1,1,1,1,
sanfrancisco__location_320,sanfrancisco,train,1,1,1,1,1,
sanfrancisco__location_321,sanfrancisco,train,1,1,1,1,1,
sanfrancisco__location_322,sanfrancisco,train,1,1,1,1,1,
sanfrancisco__location_323,sanfrancisco,train,1,1,1,1,1,
sanfrancisco__location_324,sanfrancisco,train,1,1,1,1,1,
sanfrancisco__location_325,sanfrancisco,train,1,1,1,1,1,
sanfrancisco__location_326,sanfrancisco,train,1,1,1,1,1,
sanfrancisco__location_327,sanfrancisco,train,1,1,1,1,1,
sanfrancisco__location_328,sanfrancisco,train,1,1,1,1,1,
sanfrancisco__location_329,sanfrancisco,train,1,1,1,1,1,
sanfrancisco__location_330,sanfrancisco,train,1,1,1,1,1,
sanfrancisco__location_331,sanfrancisco,train,1,1,1,1,1,
sanfrancisco__location_332,sanfrancisco,train,1,1,1,1,1,
sanfrancisco__location_333,sanfrancisco,train,1,1,1,1,1,
sanfrancisco__location_334,sanfrancisco,train,1,1,1,1,1,
sanfrancisco__location_335,sanfrancisco,train,1,1,1,1,1,
sanfrancisco__location_336,sanfrancisco,train,1,1,1,1,1,
sanfrancisco__location_337,sanfrancisco,train,1,1,1,1,1,
sanfrancisco__location_338,sanfrancisco,train,1,1,1,1,1,
sanfrancisco__location_339,sanfrancisco,train,1,1,1,1,1,
sanfrancisco__location_340,sanfrancisco,train,1,1,1,1,1,
sanfrancisco__location_341,sanfrancisco,train,1,1,1,1,1,
sanfrancisco__location_342,sanfrancisco,train,1,1,1,1,1,
sanfrancisco__location_343,sanfrancisco,train,1,1,1,1,1,
sanfrancisco__location_344,sanfrancisco,train,1,1,1,1,1,
sanfrancisco__location_345,sanfrancisco,train,1,1,1,1,1,
sanfrancisco__location_346,sanfrancisco,train,1,1,1,1,1,
sanfrancisco__location_347,sanfrancisco,train,1,1,1,1,1,
sanfrancisco__location_348,sanfrancisco,train,0,0,0,0,0,
sanfrancisco__location_349,sanfrancisco,train,1,1,1,1,1,
sanfrancisco__location_350,sanfrancisco,train,1,1,1,1,1,
sanfrancisco__location_351,sanfrancisco,train,1,1,1,1,1,
sanfrancisco__location_352,sanfrancisco,train,1,1,1,1,1,
sanfrancisco__location_353,sanfrancisco,train,1,1,1,1,1,
sanfrancisco__location_354,sanfrancisco,train,1,1,1,1,1,
sanfrancisco__location_355,sanfrancisco,train,1,1,1,1,1,
sanfrancisco__location_356,sanfrancisco,train,1,1,1,1,1,
sanfrancisco__location_357,sanfrancisco,train,1,1,1,1,1,
sanfrancisco__location_358,sanfrancisco,train,1,1,1,1,1,
sanfrancisco__location_359,sanfrancisco,train,1,1,1,1,1,
sanfrancisco__location_360,sanfrancisco,train,0,0,0,0,0,
sanfrancisco__location_361,sanfrancisco,train,1,1,1,1,1,
sanfrancisco__location_362,sanfrancisco,train,1,1,1,1,1,
sanfrancisco__location_363,sanfrancisco,train,1,1,1,1,1,
sanfrancisco__location_364,sanfrancisco,train,1,1,1,1,1,
sanfrancisco__location_365,sanfrancisco,train,1,1,1,1,1,
sanfrancisco__location_366,sanfrancisco,train,1,1,1,1,1,
sanfrancisco__location_367,sanfrancisco,train,1,1,1,1,1,
sanfrancisco__location_368,sanfrancisco,train,1,1,1,1,1,
sanfrancisco__location_369,sanfrancisco,train,1,1,1,1,1,
sanfrancisco__location_370,sanfrancisco,train,1,1,1,1,1,
sanfrancisco__location_371,sanfrancisco,train,1,1,1,1,1,
sanfrancisco__location_372,sanfrancisco,train,1,1,1,1,1,
sanfrancisco__location_373,sanfrancisco,train,1,1,1,1,1,
sanfrancisco__location_374,sanfrancisco,train,1,1,1,1,1,
sanfrancisco__location_375,sanfrancisco,train,1,1,1,1,1,
sanfrancisco__location_376,sanfrancisco,train,1,1,1,1,1,
sanfrancisco__location_377,sanfrancisco,train,1,1,1,1,1,
sanfrancisco__location_378,sanfrancisco,train,1,1,1,1,1,
sanfrancisco__location_379,sanfrancisco,train,1,1,1,1,1,
sanfrancisco__location_380,sanfrancisco,train,1,1,1,1,1,
sanfrancisco__location_381,sanfrancisco,train,1,1,1,1,1,
sanfrancisco__location_382,sanfrancisco,train,1,1,1,1,1,
sanfrancisco__location_383,sanfrancisco,train,1,1,1,1,1,
sanfrancisco__location_384,sanfrancisco,train,1,1,1,1,1,
sanfrancisco__location_385,sanfrancisco,train,1,1,1,1,1,
sanfrancisco__location_386,sanfrancisco,train,1,1,1,1,1,
sanfrancisco__location_387,sanfrancisco,train,1,1,1,1,1,
sanfrancisco__location_388,sanfrancisco,train,1,1,1,1,1,
sanfrancisco__location_389,sanfrancisco,train,1,1,1,1,1,
sanfrancisco__location_390,sanfrancisco,train,1,1,1,1,1,
sanfrancisco__location_391,sanfrancisco,train,1,1,1,1,1,
sanfrancisco__location_392,sanfrancisco,train,1,1,1,1,1,
sanfrancisco__location_393,sanfrancisco,train,1,1,1,1,1,
sanfrancisco__location_394,sanfrancisco,train,1,1,1,1,1,
sanfrancisco__location_395,sanfrancisco,train,1,1,1,1,1,
sanfrancisco__location_396,sanfrancisco,train,1,1,1,1,1,
sanfrancisco__location_397,sanfrancisco,train,1,1,1,1,1,
sanfrancisco__location_398,sanfrancisco,train,1,1,1,1,1,
sanfrancisco__location_399,sanfrancisco,train,1,1,1,1,1,
sanfrancisco__location_400,sanfrancisco,train,1,1,1,1,1,
sanfrancisco__location_401,sanfrancisco,train,1,1,1,1,1,
sanfrancisco__location_402,sanfrancisco,train,1,1,1,1,1,
sanfrancisco__location_403,sanfrancisco,train,1,1,1,1,1,
sanfrancisco__location_404,sanfrancisco,train,1,1,1,1,1,
sanfrancisco__location_405,sanfrancisco,train,1,1,1,1,1,
sanfrancisco__location_406,sanfrancisco,train,1,1,1,1,1,
sanfrancisco__location_407,sanfrancisco,train,1,1,1,1,1,
sanfrancisco__location_408,sanfrancisco,train,1,1,1,1,1,
sanfrancisco__location_409,sanfrancisco,train,1,1,1,1,1,
sanfrancisco__location_410,sanfrancisco,train,1,1,1,1,1,
sanfrancisco__location_411,sanfrancisco,train,1,1,1,1,1,
sanfrancisco__location_412,sanfrancisco,train,1,1,1,1,1,
sanfrancisco__location_413,sanfrancisco,train,1,1,1,1,1,
sanfrancisco__location_414,sanfrancisco,train,1,1,1,1,1,
sanfrancisco__location_415,sanfrancisco,train,1,1,1,1,1,
sanfrancisco__location_416,sanfrancisco,train,1,1,1,1,1,
sanfrancisco__location_417,sanfrancisco,train,1,1,1,1,1,
sanfrancisco__location_418,sanfrancisco,train,1,1,1,1,1,
sanfrancisco__location_419,sanfrancisco,train,1,1,1,1,1,
sanfrancisco__location_420,sanfrancisco,train,0,0,1,1,1,
sanfrancisco__location_421,sanfrancisco,train,1,1,1,1,1,
sanfrancisco__location_422,sanfrancisco,train,1,1,1,1,1,
sanfrancisco__location_423,sanfrancisco,train,1,1,1,1,1,
sanfrancisco__location_424,sanfrancisco,train,1,1,1,1,1,
sanfrancisco__location_425,sanfrancisco,train,1,1,1,1,1,
sanfrancisco__location_426,sanfrancisco,train,1,1,1,1,1,
sanfrancisco__location_427,sanfrancisco,train,1,1,1,1,1,
sanfrancisco__location_428,sanfrancisco,train,1,1,1,1,1,
sanfrancisco__location_429,sanfrancisco,train,1,1,1,1,1,
sanfrancisco__location_430,sanfrancisco,train,1,1,1,1,1,
sanfrancisco__location_431,sanfrancisco,train,1,1,1,1,1,
sanfrancisco__location_432,sanfrancisco,train,1,1,1,1,1,
sanfrancisco__location_433,sanfrancisco,train,1,1,1,1,1,
sanfrancisco__location_434,sanfrancisco,train,1,1,1,1,1,
sanfrancisco__location_435,sanfrancisco,train,1,1,1,1,1,
sanfrancisco__location_436,sanfrancisco,train,1,1,1,1,1,
sanfrancisco__location_437,sanfrancisco,train,1,1,1,1,1,
sanfrancisco__location_438,sanfrancisco,train,1,1,1,1,1,
sanfrancisco__location_439,sanfrancisco,train,1,1,1,1,1,
sanfrancisco__location_440,sanfrancisco,train,1,1,1,1,1,
sanfrancisco__location_441,sanfrancisco,train,1,1,1,1,1,
sanfrancisco__location_442,sanfrancisco,train,1,1,1,1,1,
sanfrancisco__location_443,sanfrancisco,train,1,1,1,1,1,
sanfrancisco__location_444,sanfrancisco,train,1,1,1,1,1,
sanfrancisco__location_445,sanfrancisco,train,1,1,1,1,1,
sanfrancisco__location_446,sanfrancisco,train,1,1,1,1,1,
sanfrancisco__location_447,sanfrancisco,train,0,0,0,0,0,
sanfrancisco__location_448,sanfrancisco,train,0,0,0,0,0,
sanfrancisco__location_449,sanfrancisco,train,1,1,1,1,1,
sanfrancisco__location_450,sanfrancisco,train,1,1,1,1,1,
sanfrancisco__location_451,sanfrancisco,val,1,1,1,1,1,
sanfrancisco__location_452,sanfrancisco,val,1,1,1,1,1,
sanfrancisco__location_453,sanfrancisco,val,1,1,1,1,1,
sanfrancisco__location_454,sanfrancisco,val,1,1,1,1,1,
sanfrancisco__location_455,sanfrancisco,val,1,1,1,1,1,
sanfrancisco__location_456,sanfrancisco,val,1,1,1,1,1,
sanfrancisco__location_457,sanfrancisco,val,1,1,1,1,1,
sanfrancisco__location_458,sanfrancisco,val,1,1,1,1,1,
sanfrancisco__location_459,sanfrancisco,val,1,1,1,1,1,
sanfrancisco__location_460,sanfrancisco,val,1,1,1,1,1,
sanfrancisco__location_461,sanfrancisco,val,0,0,0,0,0,
sanfrancisco__location_462,sanfrancisco,val,1,1,1,1,1,
sanfrancisco__location_463,sanfrancisco,val,1,1,1,1,1,
sanfrancisco__location_464,sanfrancisco,val,1,1,1,1,1,
sanfrancisco__location_465,sanfrancisco,val,1,1,1,1,1,
sanfrancisco__location_466,sanfrancisco,val,1,1,1,1,1,
sanfrancisco__location_467,sanfrancisco,val,1,1,1,1,1,
sanfrancisco__location_468,sanfrancisco,val,1,1,1,1,1,
sanfrancisco__location_469,sanfrancisco,val,1,1,1,1,1,
sanfrancisco__location_470,sanfrancisco,val,1,1,1,1,1,
sanfrancisco__location_471,sanfrancisco,val,1,1,1,1,1,
sanfrancisco__location_472,sanfrancisco,val,1,1,1,1,1,
sanfrancisco__location_473,sanfrancisco,val,1,1,1,1,1,
sanfrancisco__location_474,sanfrancisco,val,1,1,1,1,1,
sanfrancisco__location_475,sanfrancisco,val,1,1,1,1,1,
sanfrancisco__location_476,sanfrancisco,test,1,1,1,1,1,
sanfrancisco__location_477,sanfrancisco,test,1,1,1,1,1,
sanfrancisco__location_478,sanfrancisco,test,1,1,1,1,1,
sanfrancisco__location_479,sanfrancisco,test,1,1,1,1,1,
sanfrancisco__location_480,sanfrancisco,test,1,1,1,1,1,
sanfrancisco__location_481,sanfrancisco,test,1,1,1,1,1,
sanfrancisco__location_482,sanfrancisco,test,1,1,1,1,1,
sanfrancisco__location_483,sanfrancisco,test,1,1,1,1,1,
sanfrancisco__location_484,sanfrancisco,test,1,1,1,1,1,
sanfrancisco__location_485,sanfrancisco,test,1,1,1,1,1,
sanfrancisco__location_486,sanfrancisco,test,1,1,1,1,1,
sanfrancisco__location_487,sanfrancisco,test,1,1,1,1,1,
sanfrancisco__location_488,sanfrancisco,test,1,1,1,1,1,
sanfrancisco__location_489,sanfrancisco,test,1,1,1,1,1,
sanfrancisco__location_490,sanfrancisco,test,1,1,1,1,1,
sanfrancisco__location_491,sanfrancisco,test,1,1,1,1,1,
sanfrancisco__location_492,sanfrancisco,test,1,1,1,1,1,
sanfrancisco__location_493,sanfrancisco,test,1,1,1,1,1,
sanfrancisco__location_494,sanfrancisco,test,1,1,1,1,1,
sanfrancisco__location_495,sanfrancisco,test,1,1,1,1,1,
sanfrancisco__location_496,sanfrancisco,test,1,1,1,1,1,
sanfrancisco__location_497,sanfrancisco,test,1,1,1,1,1,
sanfrancisco__location_498,sanfrancisco,test,1,1,1,1,1,
sanfrancisco__location_499,sanfrancisco,test,1,1,1,1,1,
sanfrancisco__location_500,sanfrancisco,test,1,1,1,1,1,
seattle__location_1,seattle,train,0,1,1,1,1,
seattle__location_2,seattle,train,1,1,1,1,1,
seattle__location_3,seattle,train,1,1,1,1,1,
seattle__location_4,seattle,train,1,1,1,1,1,
seattle__location_5,seattle,train,1,1,1,1,1,
seattle__location_6,seattle,train,1,1,1,1,1,
seattle__location_7,seattle,train,1,1,1,1,1,
seattle__location_8,seattle,train,1,1,1,1,1,
seattle__location_9,seattle,train,1,1,1,1,1,
seattle__location_10,seattle,train,1,1,1,1,1,
seattle__location_11,seattle,train,1,1,1,1,1,
seattle__location_12,seattle,train,1,1,1,1,1,
seattle__location_13,seattle,train,1,1,1,1,1,
seattle__location_14,seattle,train,1,1,1,1,1,
seattle__location_15,seattle,train,1,1,1,1,1,
seattle__location_16,seattle,train,1,1,1,1,1,
seattle__location_17,seattle,train,1,1,1,1,1,
seattle__location_18,seattle,train,1,1,1,1,1,
seattle__location_19,seattle,train,1,1,1,1,1,
seattle__location_20,seattle,train,1,1,1,1,1,
seattle__location_21,seattle,train,1,1,1,1,1,
seattle__location_22,seattle,train,1,1,1,1,1,
seattle__location_23,seattle,train,1,1,1,1,1,
seattle__location_24,seattle,train,1,1,1,1,1,
seattle__location_25,seattle,train,1,1,1,1,1,
seattle__location_26,seattle,train,1,1,1,1,1,
seattle__location_27,seattle,train,1,1,1,1,1,
seattle__location_28,seattle,train,1,1,1,1,1,
seattle__location_29,seattle,train,1,1,1,1,1,
seattle__location_30,seattle,train,1,1,1,1,1,
seattle__location_31,seattle,train,1,1,1,1,1,
seattle__location_32,seattle,train,1,1,1,1,1,
seattle__location_33,seattle,train,1,1,1,1,1,
seattle__location_34,seattle,train,1,1,1,1,1,
seattle__location_35,seattle,train,1,1,1,1,1,
seattle__location_36,seattle,train,1,1,1,1,1,
seattle__location_37,seattle,train,1,1,1,1,1,
seattle__location_38,seattle,train,1,1,1,1,1,
seattle__location_39,seattle,train,0,0,1,1,1,
seattle__location_40,seattle,train,1,1,1,1,1,
seattle__location_41,seattle,train,1,1,1,1,1,
seattle__location_42,seattle,train,1,1,1,1,1,
seattle__location_43,seattle,train,1,1,1,1,1,
seattle__location_44,seattle,train,1,1,1,1,1,
seattle__location_45,seattle,train,1,1,1,1,1,
seattle__location_46,seattle,train,1,1,1,1,1,
seattle__location_47,seattle,train,1,1,1,1,1,
seattle__location_48,seattle,train,1,1,1,1,1,
seattle__location_49,seattle,train,1,1,1,1,1,
seattle__location_50,seattle,train,1,1,1,1,1,
seattle__location_51,seattle,train,1,1,1,1,1,
seattle__location_52,seattle,train,1,1,1,1,1,
seattle__location_53,seattle,train,1,1,1,1,1,
seattle__location_54,seattle,train,1,0,1,1,1,
seattle__location_55,seattle,train,1,1,1,1,1,
seattle__location_56,seattle,train,1,1,1,1,1,
seattle__location_57,seattle,train,1,1,1,1,1,
seattle__location_58,seattle,train,1,1,1,1,1,
seattle__location_59,seattle,train,1,1,1,1,1,
seattle__location_60,seattle,train,1,1,1,1,1,
seattle__location_61,seattle,train,1,1,1,1,1,
seattle__location_62,seattle,train,1,1,1,1,1,
seattle__location_63,seattle,train,1,1,1,1,1,
seattle__location_64,seattle,train,1,1,1,1,1,
seattle__location_65,seattle,train,1,1,1,1,1,
seattle__location_66,seattle,train,1,1,1,1,1,
seattle__location_67,seattle,train,1,1,1,1,1,
seattle__location_68,seattle,train,1,1,1,1,1,
seattle__location_69,seattle,train,1,1,1,1,1,
seattle__location_70,seattle,train,1,1,1,1,1,
seattle__location_71,seattle,train,1,1,1,1,1,
seattle__location_72,seattle,train,1,1,1,1,1,
seattle__location_73,seattle,train,1,1,1,1,1,
seattle__location_74,seattle,train,1,1,1,1,1,
seattle__location_75,seattle,train,1,1,1,1,1,
seattle__location_76,seattle,train,1,1,1,1,1,
seattle__location_77,seattle,train,1,1,1,1,1,
seattle__location_78,seattle,train,1,1,1,1,1,
seattle__location_79,seattle,train,1,1,1,1,1,
seattle__location_80,seattle,train,1,1,1,1,1,
seattle__location_81,seattle,train,1,1,1,1,1,
seattle__location_82,seattle,train,1,1,1,1,1,
seattle__location_83,seattle,train,1,1,1,1,1,
seattle__location_84,seattle,train,1,1,1,1,1,
seattle__location_85,seattle,train,1,1,1,1,1,
seattle__location_86,seattle,train,1,1,1,1,1,
seattle__location_87,seattle,train,1,1,1,1,1,
seattle__location_88,seattle,train,1,1,1,1,1,
seattle__location_89,seattle,train,1,1,1,1,1,
seattle__location_90,seattle,train,1,1,1,1,1,
seattle__location_91,seattle,train,1,1,1,1,1,
seattle__location_92,seattle,train,1,1,1,1,1,
seattle__location_93,seattle,train,1,1,1,1,1,
seattle__location_94,seattle,train,1,1,1,1,1,
seattle__location_95,seattle,train,1,1,1,1,1,
seattle__location_96,seattle,train,1,1,1,1,1,
seattle__location_97,seattle,train,1,1,1,1,1,
seattle__location_98,seattle,train,1,1,1,1,1,
seattle__location_99,seattle,train,1,1,1,1,1,
seattle__location_100,seattle,train,1,1,1,1,1,
seattle__location_101,seattle,train,1,1,1,1,1,
seattle__location_102,seattle,train,1,1,1,1,1,
seattle__location_103,seattle,train,1,0,1,1,1,
seattle__location_104,seattle,train,1,1,1,1,1,
seattle__location_105,seattle,train,1,1,1,1,1,
seattle__location_106,seattle,train,1,1,1,1,1,
seattle__location_107,seattle,train,1,1,1,1,1,
seattle__location_108,seattle,train,1,1,1,1,1,
seattle__location_109,seattle,train,1,1,1,1,1,
seattle__location_110,seattle,train,1,1,1,1,1,
seattle__location_111,seattle,train,1,1,1,1,1,
seattle__location_112,seattle,train,1,1,1,1,1,
seattle__location_113,seattle,train,1,1,1,1,1,
seattle__location_114,seattle,train,1,1,1,1,1,
seattle__location_115,seattle,train,1,1,1,1,1,
seattle__location_116,seattle,train,1,1,1,1,1,
seattle__location_117,seattle,train,0,0,0,0,0,
seattle__location_118,seattle,train,1,1,1,1,1,
seattle__location_119,seattle,train,1,1,1,1,1,
seattle__location_120,seattle,train,1,1,1,1,1,
seattle__location_121,seattle,train,0,0,0,0,0,
seattle__location_122,seattle,train,1,0,1,1,1,
seattle__location_123,seattle,train,1,1,1,1,1,
seattle__location_124,seattle,train,1,1,1,1,1,
seattle__location_125,seattle,train,1,1,1,1,1,
seattle__location_126,seattle,train,1,1,1,1,1,
seattle__location_127,seattle,train,1,1,1,1,1,
seattle__location_128,seattle,train,1,1,1,1,1,
seattle__location_129,seattle,train,1,1,1,1,1,
seattle__location_130,seattle,train,1,1,1,1,1,
seattle__location_131,seattle,train,1,1,1,1,1,
seattle__location_132,seattle,train,1,1,1,1,1,
seattle__location_133,seattle,train,1,1,1,1,1,
seattle__location_134,seattle,train,1,1,1,1,1,
seattle__location_135,seattle,train,1,1,1,1,1,
seattle__location_136,seattle,train,1,1,1,1,1,
seattle__location_137,seattle,train,1,1,1,1,1,
seattle__location_138,seattle,train,1,1,1,1,1,
seattle__location_139,seattle,train,1,1,1,1,1,
seattle__location_140,seattle,train,1,1,1,1,1,
seattle__location_141,seattle,train,1,1,1,1,1,
seattle__location_142,seattle,train,1,1,1,1,1,
seattle__location_143,seattle,train,1,1,1,1,1,
seattle__location_144,seattle,train,1,1,1,1,1,
seattle__location_145,seattle,train,1,1,1,1,1,
seattle__location_146,seattle,train,1,1,1,1,1,
seattle__location_147,seattle,train,1,1,1,1,1,
seattle__location_148,seattle,train,1,1,1,1,1,
seattle__location_149,seattle,train,1,1,1,1,1,
seattle__location_150,seattle,train,1,1,1,1,1,
seattle__location_151,seattle,train,1,1,1,1,1,
seattle__location_152,seattle,train,1,1,1,1,1,
seattle__location_153,seattle,train,1,1,1,1,1,
seattle__location_154,seattle,train,1,1,1,1,1,
seattle__location_155,seattle,train,1,1,1,1,1,
seattle__location_156,seattle,train,1,1,1,1,1,
seattle__location_157,seattle,train,1,1,1,1,1,
seattle__location_158,seattle,train,1,1,1,1,1,
seattle__location_159,seattle,train,1,1,1,1,1,
seattle__location_160,seattle,train,1,1,1,1,1,
seattle__location_161,seattle,train,1,1,1,1,1,
seattle__location_162,seattle,train,1,1,1,1,1,
seattle__location_163,seattle,train,1,1,1,1,1,
seattle__location_164,seattle,train,1,1,1,1,1,
seattle__location_165,seattle,train,1,1,1,1,1,
seattle__location_166,seattle,train,1,1,1,1,1,
seattle__location_167,seattle,train,1,1,1,1,1,
seattle__location_168,seattle,train,1,1,1,1,1,
seattle__location_169,seattle,train,1,1,1,1,1,
seattle__location_170,seattle,train,1,1,1,1,1,
seattle__location_171,seattle,train,1,1,1,1,1,
seattle__location_172,seattle,train,1,1,1,1,1,
seattle__location_173,seattle,train,1,1,1,1,1,
seattle__location_174,seattle,train,1,1,1,1,1,
seattle__location_175,seattle,train,1,1,1,1,1,
seattle__location_176,seattle,train,1,1,1,1,1,
seattle__location_177,seattle,train,1,1,1,1,1,
seattle__location_178,seattle,train,1,1,1,1,1,
seattle__location_179,seattle,train,1,1,1,1,1,
seattle__location_180,seattle,train,1,1,1,1,1,
seattle__location_181,seattle,train,1,1,1,1,1,
seattle__location_182,seattle,train,1,1,1,1,1,
seattle__location_183,seattle,train,1,1,1,1,1,
seattle__location_184,seattle,train,1,1,1,1,1,
seattle__location_185,seattle,train,1,1,1,1,1,
seattle__location_186,seattle,train,1,1,1,1,1,
seattle__location_187,seattle,train,1,1,1,1,1,
seattle__location_188,seattle,train,1,1,1,1,1,
seattle__location_189,seattle,train,1,1,1,1,1,
seattle__location_190,seattle,train,1,1,1,1,1,
seattle__location_191,seattle,train,1,1,1,1,1,
seattle__location_192,seattle,train,1,1,1,1,1,
seattle__location_193,seattle,train,1,1,1,1,1,
seattle__location_194,seattle,train,1,1,1,1,1,
seattle__location_195,seattle,train,0,0,0,0,0,
seattle__location_196,seattle,train,1,1,1,1,1,
seattle__location_197,seattle,train,1,1,1,1,1,
seattle__location_198,seattle,train,1,1,1,1,1,
seattle__location_199,seattle,train,1,1,1,1,1,
seattle__location_200,seattle,train,1,1,1,1,1,
seattle__location_201,seattle,train,1,1,1,1,1,
seattle__location_202,seattle,train,1,1,1,1,1,
seattle__location_203,seattle,train,1,1,1,1,1,
seattle__location_204,seattle,train,0,0,1,1,1,
seattle__location_205,seattle,train,1,1,1,1,1,
seattle__location_206,seattle,train,1,1,1,1,1,
seattle__location_207,seattle,train,1,1,1,1,1,
seattle__location_208,seattle,train,1,1,1,1,1,
seattle__location_209,seattle,train,1,1,1,1,1,
seattle__location_210,seattle,train,1,1,1,1,1,
seattle__location_211,seattle,train,1,1,1,1,1,
seattle__location_212,seattle,train,1,1,1,1,1,
seattle__location_213,seattle,train,1,1,1,1,1,
seattle__location_214,seattle,train,1,1,1,1,1,
seattle__location_215,seattle,train,1,1,1,1,1,
seattle__location_216,seattle,train,0,0,0,0,0,
seattle__location_217,seattle,train,1,1,1,1,1,
seattle__location_218,seattle,train,1,1,1,1,1,
seattle__location_219,seattle,train,1,1,1,1,1,
seattle__location_220,seattle,train,1,1,1,1,1,
seattle__location_221,seattle,train,1,1,1,1,1,
seattle__location_222,seattle,train,1,1,1,1,1,
seattle__location_223,seattle,train,1,1,1,1,1,
seattle__location_224,seattle,train,1,1,1,1,1,
seattle__location_225,seattle,train,1,1,1,1,1,
seattle__location_226,seattle,train,1,1,1,1,1,
seattle__location_227,seattle,train,0,0,0,0,0,
seattle__location_228,seattle,train,1,1,1,1,1,
seattle__location_229,seattle,train,1,1,1,1,1,
seattle__location_230,seattle,train,1,1,1,1,1,
seattle__location_231,seattle,train,1,1,1,1,1,
seattle__location_232,seattle,train,1,1,1,1,1,
seattle__location_233,seattle,train,1,1,1,1,1,
seattle__location_234,seattle,train,1,1,1,1,1,
seattle__location_235,seattle,train,1,1,1,1,1,
seattle__location_236,seattle,train,1,1,1,1,1,
seattle__location_237,seattle,train,1,1,1,1,1,
seattle__location_238,seattle,train,1,1,1,1,1,
seattle__location_239,seattle,train,1,1,1,1,1,
seattle__location_240,seattle,train,1,1,1,1,1,
seattle__location_241,seattle,train,1,1,1,1,1,
seattle__location_242,seattle,train,1,1,1,1,1,
seattle__location_243,seattle,train,1,1,1,1,1,
seattle__location_244,seattle,train,1,1,1,1,1,
seattle__location_245,seattle,train,1,1,1,1,1,
seattle__location_246,seattle,train,1,1,1,1,1,
seattle__location_247,seattle,train,1,1,1,1,1,
seattle__location_248,seattle,train,1,1,1,1,1,
seattle__location_249,seattle,train,1,1,1,1,1,
seattle__location_250,seattle,train,1,1,1,1,1,
seattle__location_251,seattle,train,1,1,1,1,1,
seattle__location_252,seattle,train,1,1,1,1,1,
seattle__location_253,seattle,train,1,1,1,1,1,
seattle__location_254,seattle,train,1,1,1,1,1,
seattle__location_255,seattle,train,1,1,1,1,1,
seattle__location_256,seattle,train,1,1,1,1,1,
seattle__location_257,seattle,train,1,1,1,1,1,
seattle__location_258,seattle,train,1,1,1,1,1,
seattle__location_259,seattle,train,1,1,1,1,1,
seattle__location_260,seattle,train,1,1,1,1,1,
seattle__location_261,seattle,train,1,1,1,1,1,
seattle__location_262,seattle,train,1,1,1,1,1,
seattle__location_263,seattle,train,1,1,1,1,1,
seattle__location_264,seattle,train,1,1,1,1,1,
seattle__location_265,seattle,train,1,1,1,1,1,
seattle__location_266,seattle,train,1,1,1,1,1,
seattle__location_267,seattle,train,1,1,1,1,1,
seattle__location_268,seattle,train,1,1,1,1,1,
seattle__location_269,seattle,train,1,1,1,1,1,
seattle__location_270,seattle,train,1,1,1,1,1,
seattle__location_271,seattle,train,1,1,1,1,1,
seattle__location_272,seattle,train,1,1,1,1,1,
seattle__location_273,seattle,train,1,1,1,1,1,
seattle__location_274,seattle,train,1,1,1,1,1,
seattle__location_275,seattle,train,1,1,1,1,1,
seattle__location_276,seattle,train,1,1,1,1,1,
seattle__location_277,seattle,train,1,1,1,1,1,
seattle__location_278,seattle,train,1,1,1,1,1,
seattle__location_279,seattle,train,1,1,1,1,1,
seattle__location_280,seattle,train,1,1,1,1,1,
seattle__location_281,seattle,train,1,1,1,1,1,
seattle__location_282,seattle,train,1,1,1,1,1,
seattle__location_283,seattle,train,1,1,1,1,1,
seattle__location_284,seattle,train,1,1,1,1,1,
seattle__location_285,seattle,train,1,1,1,1,1,
seattle__location_286,seattle,train,0,0,0,0,0,
seattle__location_287,seattle,train,1,1,1,1,1,
seattle__location_288,seattle,train,1,1,1,1,1,
seattle__location_289,seattle,train,1,1,1,1,1,
seattle__location_290,seattle,train,1,1,1,1,1,
seattle__location_291,seattle,train,1,1,1,1,1,
seattle__location_292,seattle,train,1,1,1,1,1,
seattle__location_293,seattle,train,1,1,1,1,1,
seattle__location_294,seattle,train,1,1,1,1,1,
seattle__location_295,seattle,train,1,1,1,1,1,
seattle__location_296,seattle,train,1,1,1,1,1,
seattle__location_297,seattle,train,1,1,1,1,1,
seattle__location_298,seattle,train,1,1,1,1,1,
seattle__location_299,seattle,train,1,1,1,1,1,
seattle__location_300,seattle,train,1,1,1,1,1,
seattle__location_301,seattle,train,1,1,1,1,1,
seattle__location_302,seattle,train,1,1,1,1,1,
seattle__location_303,seattle,train,1,1,1,1,1,
seattle__location_304,seattle,train,1,1,1,1,1,
seattle__location_305,seattle,train,1,1,1,1,1,
seattle__location_306,seattle,train,1,1,1,1,1,
seattle__location_307,seattle,train,1,1,1,1,1,
seattle__location_308,seattle,train,1,1,1,1,1,
seattle__location_309,seattle,train,1,1,1,1,1,
seattle__location_310,seattle,train,0,1,1,1,1,
seattle__location_311,seattle,train,1,1,1,1,1,
seattle__location_312,seattle,train,1,1,1,1,1,
seattle__location_313,seattle,train,1,1,1,1,1,
seattle__location_314,seattle,train,1,1,1,1,1,
seattle__location_315,seattle,train,1,1,1,1,1,
seattle__location_316,seattle,train,1,1,1,1,1,
seattle__location_317,seattle,train,1,1,1,1,1,
seattle__location_318,seattle,train,1,1,1,1,1,
seattle__location_319,seattle,train,1,1,1,1,1,
seattle__location_320,seattle,train,1,1,1,1,1,
seattle__location_321,seattle,train,1,1,1,1,1,
seattle__location_322,seattle,train,1,1,1,1,1,
seattle__location_323,seattle,train,1,1,1,1,1,
seattle__location_324,seattle,train,1,1,1,1,1,
seattle__location_325,seattle,train,1,1,1,1,1,
seattle__location_326,seattle,train,1,1,1,1,1,
seattle__location_327,seattle,train,0,0,0,0,0,
seattle__location_328,seattle,train,1,1,1,1,1,
seattle__location_329,seattle,train,1,1,1,1,1,
seattle__location_330,seattle,train,1,1,1,1,1,
seattle__location_331,seattle,train,1,1,1,1,1,
seattle__location_332,seattle,train,1,1,1,1,1,
seattle__location_333,seattle,train,1,1,1,1,1,
seattle__location_334,seattle,train,1,1,1,1,1,
seattle__location_335,seattle,train,1,1,1,1,1,
seattle__location_336,seattle,train,1,1,1,1,1,
seattle__location_337,seattle,train,1,1,1,1,1,
seattle__location_338,seattle,train,0,0,0,0,0,
seattle__location_339,seattle,train,1,1,1,1,1,
seattle__location_340,seattle,train,1,1,1,1,1,
seattle__location_341,seattle,train,1,1,1,1,1,
seattle__location_342,seattle,train,1,1,1,1,1,
seattle__location_343,seattle,train,1,1,1,1,1,
seattle__location_344,seattle,train,1,1,1,1,1,
seattle__location_345,seattle,train,1,1,1,1,1,
seattle__location_346,seattle,train,1,1,1,1,1,
seattle__location_347,seattle,train,1,1,1,1,1,
seattle__location_348,seattle,train,1,1,1,1,1,
seattle__location_349,seattle,train,1,1,1,1,1,
seattle__location_350,seattle,train,1,1,1,1,1,
seattle__location_351,seattle,train,1,1,1,1,1,
seattle__location_352,seattle,train,1,1,1,1,1,
seattle__location_353,seattle,train,1,1,1,1,1,
seattle__location_354,seattle,train,1,1,1,1,1,
seattle__location_355,seattle,train,1,1,1,1,1,
seattle__location_356,seattle,train,1,1,1,1,1,
seattle__location_357,seattle,train,1,1,1,1,1,
seattle__location_358,seattle,train,1,1,1,1,1,
seattle__location_359,seattle,train,1,1,1,1,1,
seattle__location_360,seattle,train,1,1,1,1,1,
seattle__location_361,seattle,train,1,1,1,1,1,
seattle__location_362,seattle,train,1,1,1,1,1,
seattle__location_363,seattle,train,1,1,1,1,1,
seattle__location_364,seattle,train,1,1,1,1,1,
seattle__location_365,seattle,train,1,1,1,1,1,
seattle__location_366,seattle,train,1,1,1,1,1,
seattle__location_367,seattle,train,1,1,1,1,1,
seattle__location_368,seattle,train,1,1,1,1,1,
seattle__location_369,seattle,train,1,1,1,1,1,
seattle__location_370,seattle,train,1,1,1,1,1,
seattle__location_371,seattle,train,1,1,1,1,1,
seattle__location_372,seattle,train,0,0,0,0,0,
seattle__location_373,seattle,train,1,1,1,1,1,
seattle__location_374,seattle,train,1,1,1,1,1,
seattle__location_375,seattle,train,0,0,0,0,0,
seattle__location_376,seattle,train,1,1,1,1,1,
seattle__location_377,seattle,train,1,1,1,1,1,
seattle__location_378,seattle,train,1,1,1,1,1,
seattle__location_379,seattle,train,1,1,1,1,1,
seattle__location_380,seattle,train,1,1,1,1,1,
seattle__location_381,seattle,train,1,1,1,1,1,
seattle__location_382,seattle,train,1,1,1,1,1,
seattle__location_383,seattle,train,1,1,1,1,1,
seattle__location_384,seattle,train,1,1,1,1,1,
seattle__location_385,seattle,train,0,0,0,0,0,
seattle__location_386,seattle,train,1,1,1,1,1,
seattle__location_387,seattle,train,1,1,1,1,1,
seattle__location_388,seattle,train,1,1,1,1,1,
seattle__location_389,seattle,train,1,1,1,1,1,
seattle__location_390,seattle,train,1,1,1,1,1,
seattle__location_391,seattle,train,1,1,1,1,1,
seattle__location_392,seattle,train,1,1,1,1,1,
seattle__location_393,seattle,train,1,1,1,1,1,
seattle__location_394,seattle,train,1,1,1,1,1,
seattle__location_395,seattle,train,1,1,1,1,1,
seattle__location_396,seattle,train,1,1,1,1,1,
seattle__location_397,seattle,train,1,1,1,1,1,
seattle__location_398,seattle,train,1,1,1,1,1,
seattle__location_399,seattle,train,1,1,1,1,1,
seattle__location_400,seattle,train,0,0,0,0,0,
seattle__location_401,seattle,train,1,1,1,1,1,
seattle__location_402,seattle,train,1,1,1,1,1,
seattle__location_403,seattle,train,1,1,1,1,1,
seattle__location_404,seattle,train,1,1,1,1,1,
seattle__location_405,seattle,train,1,1,1,1,1,
seattle__location_406,seattle,train,1,1,1,1,1,
seattle__location_407,seattle,train,1,1,1,1,1,
seattle__location_408,seattle,train,1,1,1,1,1,
seattle__location_409,seattle,train,1,1,1,1,1,
seattle__location_410,seattle,train,1,1,1,1,1,
seattle__location_411,seattle,train,1,1,1,1,1,
seattle__location_412,seattle,train,1,1,1,1,1,
seattle__location_413,seattle,train,1,1,1,1,1,
seattle__location_414,seattle,train,1,1,1,1,1,
seattle__location_415,seattle,train,1,1,1,1,1,
seattle__location_416,seattle,train,1,1,1,1,1,
seattle__location_417,seattle,train,1,1,1,1,1,
seattle__location_418,seattle,train,1,1,1,1,1,
seattle__location_419,seattle,train,1,1,1,1,1,
seattle__location_420,seattle,train,1,1,1,1,1,
seattle__location_421,seattle,train,1,1,1,1,1,
seattle__location_422,seattle,train,0,0,0,0,0,
seattle__location_423,seattle,train,1,1,1,1,1,
seattle__location_424,seattle,train,1,1,1,1,1,
seattle__location_425,seattle,train,1,1,1,1,1,
seattle__location_426,seattle,train,1,1,1,1,1,
seattle__location_427,seattle,train,0,1,1,1,1,
seattle__location_428,seattle,train,1,1,1,1,1,
seattle__location_429,seattle,train,1,1,1,1,1,
seattle__location_430,seattle,train,1,1,1,1,1,
seattle__location_431,seattle,train,1,1,1,1,1,
seattle__location_432,seattle,train,1,1,1,1,1,
seattle__location_433,seattle,train,1,1,1,1,1,
seattle__location_434,seattle,train,1,1,1,1,1,
seattle__location_435,seattle,train,1,1,1,1,1,
seattle__location_436,seattle,train,1,1,1,1,1,
seattle__location_437,seattle,train,1,1,1,1,1,
seattle__location_438,seattle,train,1,1,1,1,1,
seattle__location_439,seattle,train,1,1,1,1,1,
seattle__location_440,seattle,train,1,1,1,1,1,
seattle__location_441,seattle,train,0,0,0,0,0,
seattle__location_442,seattle,train,1,1,1,1,1,
seattle__location_443,seattle,train,1,1,1,1,1,
seattle__location_444,seattle,train,0,0,1,1,1,
seattle__location_445,seattle,train,0,0,1,1,1,
seattle__location_446,seattle,train,1,1,1,1,1,
seattle__location_447,seattle,train,1,1,1,1,1,
seattle__location_448,seattle,train,1,1,1,1,1,
seattle__location_449,seattle,train,1,1,1,1,1,
seattle__location_450,seattle,train,1,1,1,1,1,
seattle__location_451,seattle,val,1,1,1,1,1,
seattle__location_452,seattle,val,1,1,1,1,1,
seattle__location_453,seattle,val,1,1,1,1,1,
seattle__location_454,seattle,val,1,1,1,1,1,
seattle__location_455,seattle,val,1,1,1,1,1,
seattle__location_456,seattle,val,1,1,1,1,1,
seattle__location_457,seattle,val,1,1,1,1,1,
seattle__location_458,seattle,val,1,1,1,1,1,
seattle__location_459,seattle,val,1,1,1,1,1,
seattle__location_460,seattle,val,1,1,1,1,1,
seattle__location_461,seattle,val,1,1,1,1,1,
seattle__location_462,seattle,val,1,1,1,1,1,
seattle__location_463,seattle,val,1,1,1,1,1,
seattle__location_464,seattle,val,1,1,1,1,1,
seattle__location_465,seattle,val,1,1,1,1,1,
seattle__location_466,seattle,val,1,1,1,1,1,
seattle__location_467,seattle,val,1,1,1,1,1,
seattle__location_468,seattle,val,1,1,1,1,1,
seattle__location_469,seattle,val,1,1,1,1,1,
seattle__location_470,seattle,val,1,1,1,1,1,
seattle__location_471,seattle,val,1,1,1,1,1,
seattle__location_472,seattle,val,1,1,1,1,1,
seattle__location_473,seattle,val,1,1,1,1,1,
seattle__location_474,seattle,val,1,1,1,1,1,
seattle__location_475,seattle,val,1,1,1,1,1,
seattle__location_476,seattle,test,1,1,1,1,1,
seattle__location_477,seattle,test,1,1,1,1,1,
seattle__location_478,seattle,test,1,1,1,1,1,
seattle__location_479,seattle,test,1,1,1,1,1,
seattle__location_480,seattle,test,1,1,1,1,1,
seattle__location_481,seattle,test,1,1,1,1,1,
seattle__location_482,seattle,test,1,1,1,1,1,
seattle__location_483,seattle,test,1,1,1,1,1,
seattle__location_484,seattle,test,1,1,1,1,1,
seattle__location_485,seattle,test,1,1,1,1,1,
seattle__location_486,seattle,test,1,1,1,1,1,
seattle__location_487,seattle,test,1,1,1,1,1,
seattle__location_488,seattle,test,1,1,1,1,1,
seattle__location_489,seattle,test,1,1,1,1,1,
seattle__location_490,seattle,test,1,1,1,1,1,
seattle__location_491,seattle,test,1,1,1,1,1,
seattle__location_492,seattle,test,1,1,1,1,1,
seattle__location_493,seattle,test,1,1,1,1,1,
seattle__location_494,seattle,test,1,1,1,1,1,
seattle__location_495,seattle,test,1,1,1,1,1,
seattle__location_496,seattle,test,1,1,1,1,1,
seattle__location_497,seattle,test,1,1,1,1,1,
seattle__location_498,seattle,test,1,1,1,1,1,
seattle__location_499,seattle,test,0,0,1,1,1,
seattle__location_500,seattle,test,1,1,1,1,1,
